,Gene,Zbtb3,Rad21,Npas2,Atf1,Smc3,Creb3,Egr3,Mxd1,Mxd4,Dlx5,Alx1,Crem,Rfx5,Mesp1,Rfx1,Esx1,Hoxd8,Hoxa4,Fev,Rfx2,Etv2,Creb3l4,Rfx4,Hsfy2
0,Mxd1,0.0,0.0,0.0,0.0,0.0,0.0,0.0,0.0,0.0,0.0,0.0,0.0,0.0,0.0,0.0,0.0,0.0,0.0,0.0,0.0,0.0,0.0,0.0,0.0
1,St6galnac2,0.0,0.0,0.0,0.0,0.0,0.0,0.0,0.0,0.0,0.0,0.0,0.0,0.0,0.0,0.0,0.0,0.0,0.0,0.0,0.0,0.0,-905.6440991836433,-21.618201807348395,0.0
2,Spem1,0.0,0.0,0.0,0.0,0.0,0.0,-67.74206262101558,0.0,0.0,-1.6553047884488974,0.0,0.0,0.0,-879.2574069335794,0.0,401.2197235581081,-79.68211951369635,179.9261870740866,2.5516844104272685,-3.7130799941849455,0.0,-338.4544265700567,-143.46434092926174,0.0
3,Tex21,0.0,0.0,0.0,0.0,0.0,0.0,0.0,0.0,0.0,0.0,0.0,0.0,0.0,0.0,0.0,0.0,0.0,0.0,0.0,0.0,0.0,-528.558619331298,0.0,-9.533373856229119
4,Dazl,0.0,0.0,0.0,0.0,0.0,0.0,0.0,0.0,0.0,0.0,0.0,0.0,0.0,0.0,0.0,0.0,0.0,0.0,0.0056927554460511395,0.0,0.0,0.0,0.0,0.0
5,Erich2,0.0,0.0,0.0,0.0,0.0,0.0,0.0,0.0,0.0,0.0,0.0,0.0,0.0,-52.27287572848238,0.0,-73.89924866702913,23.236894141382553,0.0,0.48308341207912575,0.0,0.0,-411.31268098490216,-122.69352190607606,0.0
6,Nrg3,0.0,0.0,0.0,0.0,0.0,0.0,0.0,0.0,0.0,0.0,0.0,0.0,0.0,0.0,0.0,0.0,0.0,0.0,0.0,0.0,0.0,0.0,0.0,0.0
7,Dock3,0.0,0.0,0.0,0.0,0.0,0.0,0.0,0.0,0.0,0.0,0.0,0.0,0.0,0.0,0.0,0.0,0.0,0.0,0.0,0.0,0.0,0.0,0.0,0.0
8,Prss52,0.0,0.0,0.0,0.0,0.0,0.0,0.0,0.0,0.0,48.1247686847442,0.0,0.0,0.0,0.0,0.0,0.0,0.0,0.0,2.5918529796718963,0.0,0.0,0.0,2.1268229325322796,0.0
9,Gpat2,0.0,0.0,0.0,0.0,0.0,0.0,0.0,0.0,0.0,0.0,0.0,0.0,0.0,0.0,0.0,0.0,0.0,0.0,0.0,0.0,1.7782410389528347,0.0,0.0,0.0
10,Dzip1,0.0,0.0,0.0,0.0,0.0,0.0,0.0,0.0,0.0,-1.7673448947962411,0.0,0.0,0.0,0.0,0.0,0.0,0.0,0.0,0.0,0.0,0.0,0.0,-3.5886506371559492,0.0
11,Ccdc42,0.0,0.0,0.0,0.0,0.0,0.0,0.0,0.0,0.0,-1.9910809885480891,0.0,0.0,0.0,0.0,0.0,0.0,0.0,-118.32804427412172,0.08979405252683949,1.9234994103948961,0.0,-199.28866613543022,-9.72542721399342,0.0
12,Ovol2,0.0,0.0,0.0,0.0,0.0,0.0,0.0,0.0,0.0,0.0,0.0,0.0,0.0,0.0,0.0,0.0,0.0,0.0,-0.021459249515837234,0.0,0.0,-268.4758614096614,0.0,0.0
13,Lrrc27,0.0,0.0,0.0,0.0,0.0,0.0,0.0,0.0,0.0,0.0,0.0,0.0,0.0,0.0,0.0,0.0,0.0,0.0,-0.016647178346400067,0.0,0.0,-97.74396045564121,-108.52912901876887,-168.84977826061507
14,Brsk2,0.0,0.0,0.0,0.0,0.0,0.0,0.0,0.0,0.0,-1.2313218323225534,0.0,0.0,0.0,0.0,0.0,0.0,0.0,0.0,-0.06056195743672765,0.0,0.0,-6.442177517844566,-2.3089759778406496,-15.179576791466278
15,Tex101,0.0,0.0,0.0,0.0,0.0,0.0,0.0,0.0,0.0,0.0,0.0,0.0,0.0,-57.514753498361394,0.0,19.37097575984413,-3.5968932056197582,0.0,0.009164734458978484,0.0,0.0,-33.06040997070849,0.0,0.0
16,Egr3,0.0,0.0,0.0,0.0,0.0,0.0,0.0,0.0,0.0,0.0,0.0,0.0,0.0,0.0,0.0,0.0,0.0,0.0,0.0,0.0,0.0,0.0,0.0,0.0
17,Cabyr,0.0,0.0,0.0,0.0,0.0,0.0,0.0,0.0,0.0,-146.82774228013508,0.0,0.0,0.0,0.0,0.0,0.0,0.0,-731.3808008127315,0.0,0.0,0.0,-972.1377963443707,-360.6933025961087,0.0
18,Lrp2bp,0.0,0.0,0.0,0.0,0.0,0.0,0.0,0.0,0.0,0.0,0.0,0.0,0.0,0.0,0.0,0.0,0.0,-13.70784851625348,0.0,0.0,0.0,0.0,-15.249373852028796,0.0
19,Dmrtc2,0.0,0.0,0.0,0.0,0.0,0.0,0.0,0.0,0.0,-59.22401075114436,-29.398914755207855,0.0,0.0,0.0,0.0,-52.232333622370106,1.5594844428593007,-44.96474445603374,-0.3671376748954895,0.0,0.0,-17.542335628519698,-5.610479582286956,0.0
20,Arrdc5,0.0,0.0,0.0,0.0,0.0,0.0,0.0,0.0,0.0,-592.2716734673171,0.0,0.0,0.0,0.0,0.0,18.667160003220676,0.0,-7.41694377027226,2.2524608402563686,0.0,0.0,-687.3513802258661,-331.97974861746553,-482.7844529309884
21,Clgn,0.0,0.0,0.0,0.0,0.0,0.0,2.2445039294752185,0.0,0.0,-28.455488936813513,0.0,-289.24919753992873,0.0,-198.98587197521303,0.0,0.0,5.386594567025441,-125.22820022363146,-0.34622829991798215,0.0,1.629915762306195,-240.42516110836337,86.81586590945477,-75.65883047988557
22,Dpysl5,0.0,0.0,0.0,0.0,0.0,0.0,0.0,0.0,0.0,-0.09256789704065996,0.0,0.0,0.0,0.0,0.0,0.0,0.0,0.0,-0.00011613330503011866,0.0,0.0,-38.974468266399214,-5.103425283209164,0.0
23,Trem1,0.0,0.0,0.0,0.0,0.0,0.0,-0.5360597295017062,0.0,0.0,1.0837130594743054,0.0,-32.18381746725097,0.0,1.1300503645726458,0.0,-40.82473287468522,-3.6069016695003757,-34.470132181179764,0.14151467343324006,0.019015539506155914,0.0,-27.460829683345096,-6.155234484101383,-200.91790072536878
24,Mapk10,0.0,0.0,0.0,0.0,0.0,0.0,0.0,0.0,0.0,0.0,0.0,0.0,0.0,0.0,0.0,0.0,0.0,0.0,0.0,0.0,0.0,0.0,0.0,0.0
25,Spata21,0.0,0.0,0.0,0.0,0.0,0.0,0.0,0.0,0.0,-107.06230944194219,0.0,0.0,0.0,-400.15254848555355,0.0,-107.95647529124697,0.0,0.0,-6.254328986035705,0.0,0.0,-806.8520105984419,-10.414856339065313,0.0
26,Lypd4,0.0,0.0,0.0,0.0,0.0,0.0,-0.0021630784700331033,0.0,0.0,0.0,-21.588841420026913,0.0,-78.24561873132782,0.0,0.0,-132.6098910602749,-133.3100900789853,-236.3334436504999,-0.0384959210144673,0.0,-14.739887062700367,-928.2973105798013,-55.479205826099275,-316.99216782964015
27,Ccdc113,0.0,0.0,0.0,0.0,0.0,0.0,0.0,0.0,0.0,0.0,0.0,0.0,0.0,0.0,0.0,0.0,0.0,0.0,0.0,0.0,0.0,0.0,-132.72697656020105,0.0
28,Arc,0.0,0.0,0.0,0.0,0.0,0.0,2.6123017977352125,0.0,0.0,1.1335862186123464,0.0,0.0,0.0,0.0,0.0,0.0,0.0,0.0,-0.22750501048211855,0.0,0.0,-43.56001578643048,-3.263420022615531,-92.70480144385961
29,Stk31,0.0,0.0,0.0,0.0,0.0,0.0,-0.6997249342708619,0.0,0.0,0.0,0.0,0.0,0.0,-19.83851664058073,0.0,14.151171464674357,0.0,0.0,-0.022752177892744724,0.0,-2.165744651716598,0.0,0.0,0.0
30,St8sia3,0.0,0.0,0.0,0.0,0.0,0.0,0.0,0.0,0.0,-13.067073239208009,0.0,0.0,0.0,0.0,0.0,0.0,0.0,0.0,0.07496858556577127,0.0,0.0,0.0,-7.955474498189075,0.0
31,Syce3,0.0,0.0,0.0,0.0,0.0,0.0,-0.019924346562148854,0.0,0.0,-291.860533438304,-566.5299081822762,-2086.465613985506,0.0,4528.364925445045,-1082.3272037936085,-2186.4684939129,322.660109132245,-1648.967012436777,4.118376162601433,-41.63544926836121,65.69336827535655,-3082.497339453077,-439.83613043704764,-1690.9801040255172
32,1500009C09Rik,0.0,0.0,0.0,0.0,0.0,0.0,0.0,0.0,0.0,0.0,0.0,0.0,0.0,0.0,0.0,0.0,0.0,0.0,0.0,0.0,0.0,0.0,0.0,0.0
33,Meox1,0.0,0.0,0.0,0.0,0.0,0.0,0.0,0.0,0.0,0.0,0.0,0.0,0.0,0.0,0.0,0.0,0.0,0.0,0.15033614617547733,0.0,0.0,0.0,0.0,0.0
34,Tssk1,0.0,0.0,0.0,0.0,0.0,0.0,0.0,0.0,0.0,269.6456738764505,0.0,-388.58267671605364,0.0,0.0,0.0,0.0,-60.6131758890727,-84.18677982130815,2.1504488969401168,0.0,0.0,-344.81728534507647,-144.9174222222472,-591.456209366446
35,Syce1,0.0,0.0,0.0,0.0,-229.98446613253424,0.0,22.313295225535054,0.0,0.0,-120.90202799331513,-87.61403236283631,0.0,0.0,-24.62705136532147,0.0,-105.29588094737876,0.0,-154.44933903098584,7.7915948355990645,-80.52541162006708,49.0100955823007,-745.5814768053622,-151.15239385320388,-1427.5468468837134
36,Ube2u,0.0,0.0,0.0,0.0,0.0,0.0,0.0,0.0,0.0,0.0,0.0,0.0,0.0,0.0,0.0,0.0,0.0,0.0,0.0,0.0,0.0,-300.2188393229844,0.0,0.0
37,Ggn,0.0,0.0,0.0,0.0,0.0,0.0,0.0,0.0,0.0,0.0,0.0,0.0,0.0,0.0,0.0,0.0,0.0,0.0,-0.4407668378096244,0.0,0.0,0.0,-43.678617484469875,-116.96840057999376
38,Cct8l1,0.0,0.0,0.0,0.0,0.0,0.0,0.0,0.0,0.0,0.0,0.0,0.0,0.0,0.0,0.0,0.0,0.0,0.0,0.7311519367707575,0.0,0.0,0.0,0.0,0.0
39,1110032A03Rik,0.0,0.0,0.0,0.0,0.0,0.0,0.0,0.0,0.0,0.0,0.0,0.0,0.0,0.0,0.0,0.0,0.0,0.0,0.0,0.0,0.0,0.0,0.0,0.0
40,Cpa5,0.0,0.0,0.0,0.0,0.0,0.0,0.0,0.0,0.0,0.0,0.0,0.0,0.0,-40.22992110724982,0.0,0.0,0.0,0.0,-0.12934871795552255,0.0,0.0,0.0,0.0,0.0
41,Tmem89,0.0,0.0,0.0,0.0,0.0,0.0,0.0,0.0,0.0,0.0,0.0,0.0,0.0,0.0,0.0,0.0,0.0,0.0,0.0,0.0,0.0,-1085.38407152397,0.0,0.0
42,Tekt4,0.0,0.0,0.0,0.0,0.0,0.0,0.0,0.0,0.0,0.0,0.0,0.0,0.0,0.0,0.0,0.0,0.0,0.0,-1.148755510295618,0.0,0.0,0.0,0.0,0.0
43,Snai3,0.0,0.0,0.0,0.0,0.0,0.0,0.0,0.0,0.0,0.0,0.0,0.0,0.0,0.0,0.0,0.0,0.0,0.0,0.0,0.0,0.0,0.0,0.0,0.0
44,Nkapl,0.0,0.0,0.0,0.0,0.0,0.0,0.0,0.0,0.0,0.0,0.0,0.0,0.0,0.0,0.0,0.0,0.0,0.0,0.0,0.0,0.0,0.0,-64.49121471559937,0.0
45,Sh2d5,0.0,0.0,0.0,0.0,0.0,0.0,0.0,0.0,0.0,0.0,0.0,0.0,0.0,0.0,0.0,0.0,0.0,0.0,0.03040953617676593,0.0,0.0,0.0,1.0738039915102873,0.0
46,Spdya,0.0,0.0,0.0,0.0,0.0,0.0,0.0,0.0,0.0,0.0,0.0,0.0,0.0,0.0,0.0,0.0,0.0,0.0,-0.26848459207421166,0.0,0.0,-64.51191143722332,0.0,0.0
47,Stat4,0.0,0.0,0.0,0.0,0.0,0.0,0.0,0.0,0.0,0.0,0.0,0.0,0.0,0.0,0.0,0.0,0.0,0.0,0.0,0.0,0.0,0.0,0.0,0.0
48,Spsb1,0.0,0.0,0.0,0.0,0.0,0.0,0.0,0.0,0.0,0.0,0.0,0.0,0.0,0.0,0.0,0.0,0.0,0.0,0.0,0.0,0.0,0.0,0.0,0.0
49,Ccdc63,0.0,0.0,0.0,0.0,0.0,0.0,-4.7942787194627785,0.0,0.0,7.152782717350319,-3.9259161812526653,0.0,0.0,-120.75080850891707,0.0,-15.496522339289053,0.0,0.0,0.1508529427355064,0.0,-3.2285847257353497,-231.6337523641633,76.82749331791749,-321.40863272656935
50,Aknad1,0.0,0.0,0.0,0.0,0.0,0.0,0.0,0.0,0.0,-11.011781805213225,0.0,0.0,0.0,0.0,0.0,0.0,0.0,0.0,0.07943594181315075,0.0,0.0,152.93779513989725,-12.581730955753716,0.0
51,Shcbp1l,0.0,0.0,0.0,0.0,0.0,0.0,0.0,0.0,0.0,0.0,0.0,0.0,0.0,0.0,0.0,0.0,0.0,0.0,0.5158392042606063,0.0,0.0,0.0,0.0,0.0
52,Ldhal6b,0.0,0.0,0.0,0.0,0.0,0.0,0.0,0.0,0.0,0.0,0.0,0.0,0.0,-219.39886599277887,0.0,0.0,0.0,-75.95688188656956,0.9027858975500368,0.0,0.0,-296.4949471977564,0.0,-38.00311655101413
53,Rad21,0.0,0.0,0.0,0.0,0.0,0.0,0.0,0.0,0.0,0.0,0.0,0.0,0.0,0.0,0.0,0.0,0.0,0.0,0.0,0.0,0.0,0.0,0.0,0.0
54,Zfp428,0.0,0.0,0.0,0.0,0.0,0.0,0.0,0.0,0.0,0.0,0.0,0.0,0.0,0.0,0.0,0.0,0.0,0.0,0.7353905692622688,0.0,0.0,0.0,112.28234105408494,0.0
55,Morn3,0.0,0.0,0.0,0.0,0.0,0.0,0.0,0.0,0.0,0.0,0.0,0.0,0.0,0.0,0.0,0.0,0.0,0.0,0.0,0.0,0.0,-306.39398644461676,-92.15492272085362,-546.2295666320866
56,Mas1,0.0,0.0,0.0,0.0,0.0,0.0,7.479552167066807,0.0,0.0,0.0,0.0,0.0,0.0,0.0,0.0,0.0,0.0,0.0,-0.42343929129216906,0.0,0.0,0.0,0.0,0.0
57,Izumo2,-17.425547381048883,-627.8379862627444,0.0,0.0,0.0,0.0,6.029907060549913,0.0,0.0,-759.6931672309263,0.0,0.0,0.0,0.0,0.0,-443.35520950693126,-32.11125939495734,-70.10692416986119,-0.0007223655293937465,0.0,14.681880487313917,-2105.7299415125763,-401.4941481033746,-1174.1664462430665
58,Spata19,0.0,0.0,0.0,0.0,0.0,0.0,0.0,0.0,0.0,0.0,0.0,0.0,0.0,0.0,0.0,0.0,0.0,0.0,4.030790992181706,0.0,0.0,-1748.5013257149237,-739.7685829037881,0.0
59,Smim6,0.0,0.0,0.0,0.0,0.0,0.0,0.0,0.0,0.0,0.0,0.0,0.0,0.0,0.0,0.0,0.0,0.0,0.0,-0.9290018946577173,0.0,0.0,0.0,135.74665531133496,0.0
60,Glrp1,0.0,0.0,0.0,0.0,0.0,0.0,0.0,0.0,0.0,0.0,0.0,0.0,0.0,0.0,0.0,0.0,0.0,0.0,0.0,0.0,0.0,0.0,0.0,0.0
61,Znrf4,-41.064159703758826,0.0,0.0,0.0,0.0,0.0,0.0,0.0,0.0,0.0,0.0,0.0,0.0,-3093.836354633123,0.0,627.7966843404249,0.0,-49.17789913740091,2.888070658520092,0.0,-473.81418334657354,0.0,-897.851831213071,-3622.538206656305
62,Necab3,0.0,0.0,0.0,0.0,0.0,0.0,0.0,0.0,0.0,0.0,0.0,0.0,0.0,0.0,0.0,0.0,0.0,0.0,0.0,0.0,0.0,0.0,-13.184289888930662,0.0
63,Tekt2,0.0,0.0,0.0,0.0,0.0,0.0,0.0,0.0,0.0,-111.97368888915993,0.0,0.0,0.0,-277.2845724904002,0.0,0.0,0.0,-177.66628707057666,1.1015214492263403,0.0,0.0,-910.9018487367671,-213.7399696005555,0.0
64,Dnajc18,0.0,0.0,0.0,0.0,0.0,0.0,0.0,0.0,0.0,-10.547289801172123,0.0,0.0,0.0,0.0,0.0,0.0,0.0,0.0,0.0,0.0,0.0,0.0,-35.62965138706805,0.0
65,Slc36a3,0.0,0.0,0.0,0.0,0.0,0.0,0.0,0.0,0.0,0.0,36.63260017839114,0.0,0.0,0.0,0.0,61.46716796303581,-24.971198652730507,14.232481537329424,0.6661508482759214,0.0,0.0,0.0,12.784639183448459,-50.04264912602448
66,Pou5f1,0.0,0.0,0.0,0.0,0.0,0.0,0.0,0.0,0.0,0.0,0.0,0.0,0.0,0.0,0.0,0.0,0.0,0.0,0.0,0.0,0.0,0.0,0.0,0.0
67,Cd3d,0.0,0.0,0.0,0.0,0.0,0.0,0.0,0.0,0.0,0.0,0.0,0.0,0.0,0.0,0.0,0.0,0.0,0.0,0.0,0.0,0.0,0.0,0.0,0.0
68,Gm1673,0.0,0.0,0.0,0.0,0.0,0.0,0.0,0.0,0.0,0.0,0.0,0.0,0.0,0.0,0.0,0.0,0.0,0.0,2.2997984149101236,0.0,0.0,-1264.7973396275759,-163.64064292083395,0.0
69,Fkbpl,0.0,0.0,0.0,0.0,0.0,0.0,0.0,0.0,0.0,0.0,0.0,0.0,0.0,0.0,0.0,0.0,0.0,0.0,0.4332135527683806,0.0,0.0,0.0,0.0,0.0
70,Fam178b,0.0,0.0,0.0,0.0,0.0,0.0,0.0,0.0,0.0,0.0,0.0,0.0,0.0,0.0,0.0,0.0,0.0,0.0,0.0,0.0,5.110296300951839,0.0,0.0,0.0
71,Odf4,0.0,0.0,0.0,0.0,0.0,0.0,0.0,0.0,0.0,0.0,0.0,0.0,0.0,0.0,0.0,0.0,0.0,0.0,0.0,0.0,73.38666784473385,0.0,-236.45869694044632,0.0
72,Qrich2,0.0,0.0,0.0,0.0,0.0,0.0,0.0,0.0,0.0,0.0,0.0,0.0,0.0,0.0,0.0,0.0,0.0,0.0,0.0,0.0,0.0,-37.78476805674734,0.0,45.57672398465342
73,4930562C15Rik,0.0,0.0,0.0,0.0,0.0,0.0,0.0,0.0,0.0,0.0,0.0,0.0,0.0,0.0,0.0,0.0,0.0,0.0,0.0,0.0,0.0,0.0,0.0,0.0
74,Akap3,0.0,0.0,0.0,0.0,0.0,0.0,0.0,0.0,0.0,0.0,0.0,0.0,0.0,0.0,0.0,0.0,0.0,0.0,0.4824017931506358,0.0,0.0,-833.9996235393409,0.0,0.0
75,Cmklr1,0.0,0.0,0.0,0.0,0.0,0.0,0.0,0.0,0.0,0.0,0.0,0.0,0.0,0.0,0.0,0.0,0.0,0.0,0.0,0.0,0.0,0.0,-2.586236882749611,0.0
76,Mpi,0.0,0.0,0.0,0.0,0.0,0.0,0.0,0.0,0.0,0.0,0.0,0.0,0.0,0.0,0.0,0.0,0.0,0.0,0.0,0.0,0.0,-165.53346825698443,0.0,0.0
77,Mbd3,0.0,0.0,0.0,0.0,0.0,0.0,0.0,0.0,0.0,0.0,0.0,0.0,0.0,0.0,0.0,0.0,0.0,0.0,0.0,0.0,0.0,-37.80520588133128,0.0,0.0
78,Cib4,0.0,0.0,0.0,0.0,0.0,0.0,0.0,0.0,0.0,0.0,0.0,0.0,0.0,0.0,0.0,-601.8172696507095,0.0,0.0,0.3963031919990667,0.0,0.0,-562.7802026166701,-120.16821216080912,-466.5419815530758
79,Fam181a,0.0,0.0,0.0,0.0,0.0,0.0,0.0,0.0,0.0,0.3584464537144417,0.0,0.0,0.0,-1.3933455658756937,0.0,0.0,0.0,-2.5829045183160706,-9.665878263415076e-05,0.0,0.0,-89.6929174813115,138.56763998192292,-84.19014455038231
80,Dusp18,0.0,0.0,0.0,0.0,0.0,0.0,0.0,0.0,0.0,0.0,0.0,0.0,0.0,0.0,0.0,0.0,0.0,0.0,0.0,0.0,0.0,-45.005119083484495,0.0,0.0
81,Nanog,0.0,0.0,0.0,0.0,0.0,0.0,0.0,0.0,0.0,0.0,0.0,0.0,0.0,0.0,0.0,0.0,0.0,0.0,0.0,0.0,0.0,0.0,0.0,0.0
82,Ttll13,0.0,0.0,0.0,0.0,0.0,0.0,0.0,0.0,0.0,0.0,0.0,0.0,0.0,0.0,0.0,0.0,0.0,0.0,0.19925014929217935,0.0,0.0,0.0,0.0,0.0
83,Dnajc5g,0.0,0.0,0.0,0.0,0.0,0.0,0.279951340524125,0.0,0.0,12.890299091357113,0.0,0.0,0.0,0.0,0.0,-3.7731754503598034,0.0,0.0,-0.4685402885044995,0.0,0.0,0.0,-23.372494119109103,-564.2629069851147
84,4933405L10Rik,0.0,0.0,0.0,0.0,0.0,0.0,0.0,0.0,0.0,0.0,0.0,0.0,0.0,0.0,0.0,0.0,0.0,0.0,0.0,0.0,0.0,0.0,0.0,0.0
85,Tnfrsf13c,0.0,0.0,0.0,0.0,0.0,0.0,-1.5824661689311639,0.0,0.0,-5.867230749354241,0.0,-13.218713109396118,0.0,-49.986629739383105,0.0,26.975691195325044,-7.110828094565693,-0.7056374407573647,-0.05196956398734512,0.0,-6.46514439063854,-32.11508000015714,-3.411313611734483,-15.601062015263299
86,Tulp2,0.0,0.0,0.0,0.0,0.0,0.0,-23.906034814814365,0.0,0.0,-106.12970636109343,0.0,0.0,0.0,0.0,0.0,0.0,0.0,-105.762316078416,-0.21189198382496774,0.0,0.0,-224.19005520513355,-100.23281469368871,0.0
87,Dlx6,0.0,0.0,0.0,0.0,0.0,0.0,0.0,0.0,0.0,-0.8929775081427196,0.0,0.0,0.0,0.0,0.0,0.0,0.0,0.0,-0.0960474847593197,0.0,0.0,-12.179976496770132,-0.7120829622272875,-25.603839788263567
88,Tex36,0.0,0.0,0.0,-312.0311171924593,0.0,0.0,0.0,0.0,0.0,0.0,0.0,-446.490248316734,0.0,-225.0609005544176,0.0,0.0,0.0,0.0,-3.470951234747557,0.0,0.0,-1010.6722454125343,-201.42918809213614,0.0
89,Asb17,0.0,0.0,0.0,0.0,0.0,0.0,0.0,0.0,0.0,-25.587394390211944,251.3097672347407,0.0,0.0,0.0,0.0,385.234322262693,0.0,295.6147844573903,0.0,0.0,0.0,0.0,-256.5276381550184,0.0
90,Sohlh2,0.0,0.0,0.0,0.0,0.0,0.0,0.0,0.0,0.0,0.0,0.0,0.0,0.0,0.0,0.0,0.0,0.0,0.0,0.0,0.0,0.0,0.0,0.0,0.0
91,Trim52,0.0,0.0,0.0,0.0,0.0,0.0,-0.109857085534511,0.0,0.0,0.0,0.0,-36.66765949371741,0.0,-101.14065303108512,0.0,53.71316703395424,-16.37986794434179,27.931956298733287,-0.1529942675248228,0.0,0.0,-61.14414915161995,0.0,-15.01428067422583
92,Acrbp,0.0,0.0,0.0,0.0,0.0,0.0,0.0,0.0,0.0,0.0,0.0,0.0,0.0,0.0,0.0,0.0,0.0,0.0,0.09560472094810338,0.0,0.0,0.0,0.0,0.0
93,Epcam,0.0,0.0,0.0,0.0,0.0,0.0,0.0,0.0,0.0,0.0,0.0,0.0,0.0,0.0,0.0,0.0,0.0,0.0,0.8344647664065391,0.0,0.0,0.0,0.0,0.0
94,Rnf17,0.0,0.0,0.0,0.0,0.0,0.0,0.0,0.0,0.0,0.0,0.0,0.0,0.0,-10.899586865154172,0.0,0.0,0.0,0.0,0.10197123947530143,0.0,0.0,0.0,0.0,0.0
95,Rpl10l,0.0,0.0,-3.1846129363893083,0.0,0.0,0.0,15.378287162177887,0.0,0.0,-33.337995000086686,-5.800269798945969,0.0,-13.165980318446662,0.0,-6.545103948922832,81.81455402891278,-18.386767066596157,-8.493622421356871,12.591621715611991,-14.06999232878422,0.0,-640.0256439384825,-11.911601638655013,-172.78216793315187
96,Hspa1l,0.0,0.0,0.0,0.0,0.0,0.0,0.0,0.0,0.0,0.0,0.0,0.0,0.0,0.0,0.0,0.0,0.0,0.0,0.6770407737611853,0.0,0.0,-946.4246144507688,-9.629570234819342,-45.41705685418232
97,Rfx2,0.0,0.0,0.0,0.0,0.0,0.0,0.0,0.0,0.0,0.0,0.0,0.0,0.0,0.0,0.0,0.0,0.0,0.0,0.0,0.0,0.0,-34.42024322761856,0.0,0.0
98,Adam2,0.0,0.0,0.0,0.0,0.0,0.0,0.0,0.0,0.0,0.0,0.0,0.0,0.0,0.0,0.0,0.0,0.0,0.0,0.19970879280868906,0.0,0.0,0.0,0.0,0.0
99,Morn4,0.0,0.0,0.0,0.0,0.0,0.0,0.0,0.0,0.0,-35.41419611277483,0.0,0.0,0.0,0.0,0.0,0.0,0.0,0.0,0.0,0.0,0.0,0.0,0.0,0.0
100,Zbtb3,0.0,0.0,0.0,0.0,0.0,0.0,0.0,0.0,0.0,0.0,0.0,0.0,0.0,0.0,0.0,0.0,0.0,0.0,0.0,0.0,0.0,0.0,0.0,0.0
101,Actl7b,0.0,0.0,0.0,0.0,0.0,0.0,0.0,0.0,0.0,0.0,0.0,-1528.59799556351,0.0,-803.7513258518654,0.0,0.0,0.0,0.0,0.014275298707717725,0.0,-29.557310304838108,-911.5095646674699,-622.3516164068556,-1044.6987622890147
102,Spesp1,0.0,0.0,0.0,0.0,0.0,0.0,-5.660110289611819,0.0,0.0,0.0,0.0,0.0,0.0,-127.27797758635019,0.0,6.3396657194830714,-5.148674357117896,-36.3959239339074,-0.04180865315180303,-15.765136461118024,-20.511033601142294,-226.37438053341128,-25.70602684656625,-48.30708068482876
103,P2rx2,0.0,0.0,0.0,0.0,0.0,0.0,0.0,0.0,0.0,0.0,0.0,0.0,0.0,0.0,0.0,0.0,0.0,0.0,0.0,0.0,0.0,0.0,0.0,0.0
104,BC051142,0.0,0.0,0.0,0.0,0.0,0.0,0.0,0.0,0.0,0.0,0.0,0.0,0.0,0.0,0.0,42.95927290457567,0.0,-7.612105928462182,-1.1897963983633468,0.0,0.0,0.0,-53.21388297379376,0.0
105,Ly6k,0.0,0.0,0.0,0.0,0.0,0.0,-14.789216589807051,0.0,0.0,-72.6575977448208,0.0,0.0,0.0,0.0,0.0,68.05508725827116,-0.7902237658205336,0.0,0.85825551799979,0.0,0.0,-327.3702927365854,-33.61498171128331,0.0
106,Ccl27a,0.0,0.0,0.0,0.0,0.0,0.0,0.0,0.0,0.0,0.0,0.0,0.0,0.0,0.0,0.0,0.0,0.0,0.0,0.0,0.0,0.0,-889.9503411627481,0.0,0.0
107,Plcg2,0.0,0.0,0.0,0.0,0.0,0.0,0.0,0.0,0.0,0.0,0.0,0.0,0.0,0.0,0.0,0.0,0.0,0.0,0.0,0.0,0.0,0.0,0.0,0.0
108,Slc30a3,0.0,0.0,0.0,0.0,0.0,0.0,0.0,0.0,0.0,-4.216364969194916,0.0,0.0,0.0,0.0,0.0,0.0,0.0,0.0,0.0,0.0,0.0,0.0,0.0,0.0
109,Trim36,0.0,0.0,0.0,0.0,0.0,0.0,0.0,0.0,0.0,0.0,0.0,0.0,0.0,0.0,0.0,0.0,0.0,0.0,0.5758657699599732,0.0,0.0,-248.6730384311071,-95.11379474187517,0.0
110,4933411K16Rik,0.0,0.0,0.0,0.0,0.0,0.0,0.0,0.0,0.0,0.0,0.0,0.0,0.0,0.0,0.0,0.0,0.0,0.0,0.0,0.0,0.0,0.0,0.0,0.0
111,Wnt3a,0.0,0.0,0.0,0.0,0.0,0.0,0.0,0.0,0.0,0.0,0.0,0.0,0.0,0.0,0.0,0.0,0.0,0.0,-0.061372742568665595,0.0,0.0,-0.020028268856594495,0.4976251024232057,0.0
112,Tssk3,0.0,0.0,0.0,0.0,0.0,0.0,0.0,0.0,0.0,0.0,0.0,0.0,0.0,0.0,0.0,0.0,0.0,0.0,-5.890151472255398,0.0,0.0,-48.43012256033076,0.0,0.0
113,Sec1,0.0,0.0,0.0,0.0,0.0,0.0,-2.5218445699619254,0.0,0.0,0.0,0.0,0.0,0.0,0.0,0.0,0.0,0.0,0.0,-0.01397165214063882,0.0,0.0,-15.424471649165943,57.342672750783855,-15.844621759853107
114,Ppp1r32,0.0,0.0,0.0,0.0,0.0,0.0,0.0,0.0,0.0,0.0,0.0,0.0,0.0,0.0,0.0,0.0,0.0,0.0,0.0,0.0,0.0,207.28080581882742,-201.79279200278913,0.0
115,Cacna1a,0.0,0.0,0.0,0.0,0.0,0.0,0.0,0.0,0.0,-2.708810136586331,0.0,0.0,0.0,0.0,0.0,0.0,0.0,0.0,0.0,0.0,0.0,0.0,-0.3059178294084653,0.0
116,Pbx4,0.0,0.0,0.0,0.0,0.0,0.0,0.0,0.0,0.0,-40.082513243850514,0.0,0.0,0.0,0.0,0.0,0.0,0.0,0.0,-0.29827682030081576,0.0,0.0,0.0,-22.787726045212665,0.0
117,Zfp37,0.0,0.0,0.0,0.0,0.0,0.0,0.0,0.0,0.0,0.0,0.0,0.0,0.0,0.0,0.0,0.0,0.0,0.0,0.0,0.0,0.0,0.0,-28.20226122837229,0.0
118,Adam3,0.0,0.0,0.0,0.0,0.0,0.0,-0.4942436145597708,0.0,0.0,0.0,0.0,0.0,0.0,0.0,0.0,0.0,0.0,0.0,-0.7609939884953965,0.0,-3.6045064844391486,-776.6671060691253,-75.99432280817308,0.0
119,Izumo4,0.0,0.0,0.0,0.0,0.0,0.0,0.0,0.0,0.0,0.0,0.0,0.0,0.0,0.0,0.0,0.0,0.0,0.0,0.0,0.0,0.0,-191.00953767079332,0.0,0.0
120,Pabpc1l,0.0,0.0,0.0,0.0,0.0,0.0,0.0,0.0,0.0,0.0,0.0,0.0,0.0,0.0,0.0,0.0,0.0,0.0,0.059728530881169015,0.0,0.0,204.63233047093115,0.0,0.0
121,Syngr4,0.0,0.0,0.0,0.0,0.0,0.0,-19.45155745059388,0.0,0.0,0.0,0.0,-817.863465484271,0.0,-253.56696208152528,0.0,-16.095576330601485,41.37551645395524,-89.0192078321653,0.040800493172085554,0.0,-6.8675919200667535,-57.3799304751177,-72.71151803616209,2615.870724568337
122,Jph4,0.0,0.0,0.0,0.0,0.0,0.0,0.0,0.0,0.0,0.0,0.0,0.0,0.0,0.0,0.0,0.0,0.0,0.0,0.0,0.0,0.0,0.0,0.0,0.0
123,1700021F07Rik,0.0,0.0,0.0,0.0,0.0,0.0,0.0,0.0,0.0,0.0,0.0,0.0,0.0,0.0,0.0,0.0,0.0,0.0,0.0,0.0,0.0,0.0,0.0,0.0
124,Pou2f3,0.0,0.0,0.0,0.0,0.0,0.0,0.0,0.0,0.0,0.0,0.0,0.0,0.0,0.0,0.0,0.0,0.0,0.0,0.0,0.0,0.0,0.0,0.0,0.0
125,Smc3,0.0,0.0,0.0,0.0,0.0,0.0,0.0,0.0,0.0,0.0,0.0,0.0,0.0,0.0,0.0,0.0,0.0,0.0,0.0,0.0,0.0,0.0,0.0,0.0
126,Tssk4,0.0,0.0,0.0,0.0,0.0,0.0,9.658555470727789,0.0,0.0,0.0,0.0,-1286.2829529842818,0.0,0.0,0.0,-153.8309916430678,0.0,0.0,-1.022990357131892,0.0,0.0,-116.4199407068598,23.541864544217766,-1534.3126523336616
127,Ccdc177,0.0,0.0,0.0,0.0,0.0,0.0,0.0,0.0,0.0,0.0,0.0,0.0,0.0,0.0,0.0,0.0,0.0,0.0,0.0,0.0,0.0,0.0,0.0,0.0
128,Lemd1,0.0,0.0,0.0,0.0,0.0,0.0,0.0,0.0,0.0,-0.9434335453685356,0.0,0.0,0.0,0.0,0.0,0.0,0.0,-3.021543299806193,0.004093170129430924,0.0,0.0,-62.41180472312,-3.1152809974086386,0.0
129,Cyp4f37,0.0,0.0,0.0,0.0,0.0,0.0,0.0,0.0,0.0,0.0,0.0,0.0,0.0,-125.09609117412458,0.0,0.0,0.0,0.0,0.0,0.0,-0.26933069687984923,374.74104067499894,0.0,0.0
130,Klf5,0.0,0.0,0.0,0.0,0.0,0.0,0.0,0.0,0.0,0.0,0.0,0.0,0.0,0.0,0.0,0.0,0.0,0.0,0.0,0.0,0.0,0.0,0.0,0.0
131,Gstt4,0.0,0.0,0.0,0.0,0.0,0.0,6.689989977701905,0.0,0.0,0.0,0.0,0.0,0.0,-784.9714945871191,0.0,0.0,0.0,-478.81338690994374,-1.0755594882029618,0.0,-23.626469244747092,-3564.027707785307,-307.5263833709403,-788.9637992769025
132,Ace,0.0,0.0,0.0,0.0,0.0,0.0,0.0,0.0,0.0,0.0,0.0,0.0,0.0,0.0,0.0,0.0,0.0,0.0,0.0,0.0,0.0,0.0,0.0,0.0
133,Zmynd10,0.0,0.0,0.0,0.0,0.0,0.0,0.0,0.0,0.0,0.0,0.0,0.0,0.0,0.0,0.0,0.0,0.0,0.0,0.0,0.0,0.0,-50.55933464351431,0.0,0.0
134,Tcte2,0.0,0.0,0.0,0.0,0.0,0.0,0.0,0.0,0.0,0.0,0.0,0.0,0.0,0.0,0.0,0.0,0.0,0.0,-0.03619513795916356,0.0,0.0,0.0,0.0,0.0
135,Tmem59l,0.0,0.0,0.0,0.0,0.0,0.0,0.0,0.0,0.0,4.286184373970461,0.0,0.0,0.0,0.0,0.0,0.0,0.0,0.0,0.0,0.0,0.0,0.0,-0.32527725028741367,0.0
136,Mok,0.0,0.0,0.0,0.0,0.0,0.0,0.0,0.0,0.0,-33.88101822049803,0.0,0.0,0.0,0.0,0.0,0.0,0.0,0.0,0.0,0.0,0.0,0.0,-11.937107103190899,0.0
137,Ccdc30,0.0,0.0,0.0,0.0,0.0,0.0,0.0,0.0,0.0,-12.14480444273861,0.0,0.0,0.0,0.0,0.0,0.0,0.0,0.0,0.0,0.0,0.0,0.0,-36.26128492120389,0.0
138,Tssk2,0.0,0.0,0.0,0.0,0.0,0.0,0.0,0.0,0.0,0.0,0.0,-1664.487288466016,0.0,0.0,0.0,-147.99520402115851,0.0,0.0,1.8066481611632932,0.0,0.0,-1433.4292231965426,0.0,0.0
139,Serp2,0.0,0.0,0.0,0.0,0.0,0.0,0.0,0.0,0.0,-17.35458734032572,0.0,0.0,0.0,0.0,0.0,0.0,0.0,0.0,0.0,0.0,0.0,-235.94480480192448,-3.9743639610360537,0.0
140,Tmem190,0.0,0.0,0.0,0.0,0.0,0.0,-21.713726610621325,0.0,0.0,-699.1409819015945,-14.354321300813472,-889.7197763413857,321.658400278764,-407.087353690006,186.5055946487887,64.91714690726934,-245.6045521743786,149.77018927192137,2.8647668254045877,0.0,-9.451007715557314,-2048.1117030546634,-403.5825855236263,535.8979082744391
141,4930505A04Rik,0.0,0.0,0.0,0.0,0.0,0.0,0.0,0.0,0.0,0.0,0.0,0.0,0.0,0.0,0.0,0.0,0.0,0.0,0.0,0.0,0.0,0.0,0.0,0.0
142,Cpt1c,0.0,0.0,0.0,0.0,0.0,0.0,0.0,0.0,0.0,-4.685953590890638,0.0,0.0,0.0,0.0,0.0,0.0,0.0,0.0,0.0,0.0,0.0,0.0,-5.402089408673623,0.0
143,Etv2,0.0,0.0,0.0,0.0,0.0,0.0,0.0,0.0,0.0,0.0,0.0,0.0,0.0,0.0,0.0,0.0,0.0,0.0,0.0,0.0,0.0,0.0,0.0,0.0
144,Mxd4,0.0,0.0,0.0,0.0,0.0,0.0,0.0,0.0,0.0,0.0,0.0,0.0,0.0,0.0,0.0,0.0,0.0,0.0,0.0,0.0,0.0,0.0,0.0,0.0
145,Nuggc,0.0,0.0,0.0,0.0,0.0,0.0,0.0,0.0,0.0,0.0,0.0,0.0,0.0,0.0,0.0,-30.921753747773863,0.0,0.0,0.0,0.0,0.0,0.0,0.0,0.0
146,Gm10190,0.0,0.0,0.0,0.0,0.0,0.0,0.0,0.0,0.0,0.0,0.0,0.0,0.0,0.0,0.0,0.0,0.0,0.0,0.6056524293519313,0.0,0.0,-47.977961530714545,0.0,0.0
147,Trim17,0.0,0.0,0.0,0.0,0.0,0.0,0.0,0.0,0.0,0.0,0.0,0.0,0.0,0.0,0.0,0.0,0.0,0.0,0.0,0.0,0.0,0.0,0.0,0.0
148,1700001L19Rik,0.0,0.0,0.0,0.0,0.0,0.0,0.0,0.0,0.0,0.0,0.0,0.0,0.0,0.0,0.0,0.0,0.0,0.0,0.0,0.0,0.0,0.0,0.0,0.0
149,Pfn3,0.0,0.0,-39.16845602258114,2211.5654040138756,0.0,-43.13085928726228,-14.804315074006505,0.0,0.0,-209.78543366297356,-437.5469911867399,-1072.783294043233,-1000.6352181070176,1007.4393273872922,-921.6877259740218,-1642.1516072971233,68.22597942835536,-1558.0894504997057,0.2844506377740413,-142.8982010313281,-14.756513980618932,-1400.0564732114399,-77.2423776834463,-1994.7280016926672
150,Got1l1,0.0,0.0,0.0,0.0,0.0,0.0,0.0,0.0,0.0,0.0,0.0,0.0,0.0,-121.28240620654114,0.0,0.0,0.0,0.0,-0.9998222193351699,0.0,0.0,-253.4892363375452,-42.27478258178784,0.0
151,Lrrc9,0.0,0.0,0.0,0.0,0.0,0.0,0.0,0.0,0.0,0.3392471447816537,0.0,0.0,0.0,0.0,0.0,6.160075142053969,-7.9867997076419295,-1.185615127238486,0.10111794205837517,-1.5516732368589679,0.0,-87.5506973523401,-8.628103696632214,-13.841641384326406
152,Tepp,0.0,0.0,0.0,0.0,0.0,0.0,0.0,0.0,0.0,-235.77119647141157,0.0,0.0,0.0,-358.4314225615234,0.0,0.0,-13.17358665510935,33.426087985586975,0.0,0.0,0.0,0.0,127.68281353449325,0.0
153,Adig,0.0,0.0,0.0,0.0,0.0,0.0,-84.68487820739135,0.0,0.0,-207.6966267151138,0.0,0.0,0.0,-3467.01868761024,0.0,909.4095950559212,-333.2871843981887,626.1157036031117,4.307450940788061,-40.3522166299564,-287.5389569086502,-1327.471874604181,-440.6547674262694,-476.54071336944685
154,Scgn,0.0,0.0,0.0,0.0,0.0,0.0,0.0,0.0,0.0,0.0,0.0,0.0,0.0,0.0,0.0,0.0,0.0,0.0,0.0,0.0,0.0,0.0,-54.874142222901625,0.0
155,Ankef1,0.0,0.0,0.0,0.0,0.0,0.0,0.0,0.0,0.0,0.0,0.0,0.0,0.0,0.0,0.0,0.0,0.0,0.0,0.0,0.0,0.0,0.0,-27.91400082439832,0.0
156,Hunk,0.0,0.0,0.0,0.0,0.0,0.0,0.0,0.0,0.0,0.0,0.0,0.0,0.0,0.0,0.0,0.0,0.0,-20.85510163695098,0.0,0.0,0.0,-32.70152964805881,-3.217838508769036,-10.486572722413907
157,Hoxc9,0.0,0.0,0.0,0.0,0.0,0.0,1.7498579225945787,0.0,0.0,-11.252939504117176,0.0,0.0,0.0,0.0,0.0,5.273048076656605,-1.02964765594796,0.0,-0.1346890845256709,0.0,3.4009793941607955,-5.222263066657233,-0.703427814549195,0.0
158,Rfx1,0.0,0.0,0.0,0.0,0.0,0.0,0.0,0.0,0.0,0.0,0.0,0.0,0.0,0.0,0.0,0.0,0.0,0.0,0.0,0.0,0.0,0.0,0.0,0.0
159,Efcab10,0.0,0.0,0.0,0.0,0.0,0.0,0.0,0.0,0.0,0.0,0.0,0.0,0.0,0.0,0.0,0.0,0.0,0.0,1.1237388947337452,-110.0539597159663,0.0,-2325.619593081128,-224.25928426524925,-292.912463420014
160,4933402J07Rik,0.0,0.0,0.0,0.0,0.0,0.0,0.0,0.0,0.0,0.0,0.0,0.0,0.0,0.0,0.0,0.0,0.0,0.0,0.0,0.0,0.0,0.0,0.0,0.0
161,Prph2,0.0,0.0,0.0,0.0,0.0,0.0,0.0,0.0,0.0,0.0,0.0,0.0,0.0,0.0,0.0,0.0,0.0,0.0,-0.029207815625450346,0.0,0.0,79.71728145777766,0.0,0.0
162,AA467197,0.0,0.0,0.0,0.0,0.0,0.0,0.0,0.0,0.0,0.0,0.0,0.0,0.0,0.0,0.0,0.0,0.0,0.0,-0.013489286495662379,0.0,0.0,-118.20421170953904,0.0,0.0
163,Spata3,0.0,0.0,0.0,0.0,0.0,0.0,0.0,0.0,0.0,-89.66100751732824,0.0,0.0,0.0,0.0,0.0,189.7164078041494,-188.34489078175088,20.475915930506563,0.0,0.0,0.0,0.0,-103.0871750669726,0.0
164,Hsf5,0.0,0.0,0.0,0.0,0.0,0.0,4.492751518527788,0.0,0.0,0.0,0.0,0.0,0.0,0.0,0.0,0.0,0.0,0.0,-0.04308612981967865,0.0,0.0,-2.3077845920798046,-0.07396383046465094,0.0
165,Fam229a,0.0,0.0,0.0,0.0,0.0,0.0,-1.3736689172326275,0.0,0.0,0.0,0.0,0.0,0.0,-1196.0908378103873,0.0,0.0,-197.67806662316227,0.0,-1.5866646501076027,0.0,0.0,0.0,-2159.762084125668,0.0
166,Chgb,0.0,0.0,0.0,0.0,0.0,0.0,0.0,0.0,0.0,0.0,0.0,0.0,0.0,0.0,0.0,0.0,0.0,0.0,0.0,0.0,0.0,0.0,0.0,0.0
167,Dydc2,0.0,0.0,0.0,0.0,0.0,0.0,0.0,0.0,0.0,0.0,0.0,0.0,0.0,0.0,0.0,0.0,0.0,0.0,0.0,0.0,0.0,35.52411430204786,-14.435008279517927,0.0
168,Spatc1,0.0,0.0,0.0,0.0,0.0,0.0,0.0,0.0,0.0,0.0,0.0,0.0,0.0,0.0,0.0,0.0,0.0,0.0,0.0,0.0,0.0,0.0,0.0,0.0
169,Hepacam,0.0,0.0,0.0,0.0,0.0,0.0,0.0,0.0,0.0,6.646765411689548,0.0,0.0,0.0,0.0,0.0,0.0,0.0,0.0,0.0,0.0,0.0,0.0,-1.479855294822833,0.0
170,Ribc2,0.0,0.0,0.0,0.0,0.0,0.0,2.7195522059957598,0.0,0.0,-1.6458497935373029,0.0,0.0,0.0,-123.45976217768744,0.0,-78.08828329450665,-0.07914040378630967,-19.33490546317174,-0.0010412482533175133,0.0,1.1519608316507226,-239.97004790584256,-23.035520709924775,0.0
171,Mrpl54,0.0,0.0,0.0,0.0,0.0,0.0,0.0,0.0,0.0,0.0,0.0,0.0,0.0,0.0,0.0,0.0,0.0,0.0,0.0,0.0,0.0,-357.37650051067294,0.0,0.0
172,D1Pas1,0.0,0.0,0.0,0.0,0.0,0.0,0.0,0.0,0.0,0.0,0.0,0.0,0.0,0.0,0.0,4.911666818376666,0.0,0.0,0.2912088447501331,0.0,0.0,0.0,2.6855433667587225,9.931082651035567
173,Fbxo2,0.0,0.0,0.0,0.0,0.0,0.0,0.0,0.0,0.0,0.0,0.0,0.0,0.0,0.0,0.0,0.0,0.0,0.0,0.0,0.0,0.0,0.0,-7.738549151968109,0.0
174,Nol4,0.0,0.0,0.0,0.0,0.0,0.0,0.0,0.0,0.0,-10.546389921308652,0.0,0.0,0.0,0.0,0.0,-50.73528019267182,8.470498624435733,-69.93066975840124,-1.8405603712976764,0.0,0.0,-157.50584525743278,14.320226680366636,-30.72694742912194
175,Reep2,0.0,0.0,0.0,0.0,0.0,0.0,0.0,0.0,0.0,-1.8494081397091122,0.0,0.0,0.0,0.0,0.0,0.0,0.0,0.0,0.0,0.0,0.0,0.0,-2.6493247804236697,0.0
176,Tcp11,0.0,0.0,0.0,0.0,0.0,0.0,-5.591625443530402,0.0,0.0,-130.00912997506614,0.0,0.0,0.0,0.0,0.0,-44.79266058285683,-168.6933148207358,-16.95408357909172,-1.0834961522546922,0.0,-12.688599464483591,-247.92946018179157,398.2450038704228,-487.61536380910525
177,Egr1,0.0,0.0,0.0,0.0,0.0,0.0,0.0,0.0,0.0,0.0,0.0,0.0,0.0,0.0,0.0,0.0,0.0,0.0,0.0,0.0,0.0,0.0,0.0,0.0
178,Naa11,0.0,0.0,0.0,0.0,0.0,0.0,0.0,0.0,0.0,0.0,0.0,0.0,0.0,0.0,0.0,0.0,0.0,0.0,0.10952334073803445,0.0,-3.0255346961246037,-22.564757365780373,11.23994186007338,0.0
179,Map6,0.0,0.0,0.0,0.0,0.0,0.0,0.0,0.0,0.0,0.0,0.0,0.0,0.0,0.0,0.0,0.0,0.0,0.0,0.0,0.0,0.0,0.0,0.0,0.0
180,Ccdc27,0.0,0.0,0.0,0.0,0.0,0.0,0.0,0.0,0.0,0.0,0.0,0.0,0.0,0.0,0.0,0.0,0.0,0.0,-0.5165977455905763,0.0,0.0,-420.08503032288013,0.0,0.0
181,Igbp1b,0.0,0.0,0.0,0.0,0.0,0.0,0.0,0.0,0.0,0.0,0.0,0.0,0.0,0.0,0.0,0.0,0.0,0.0,0.6426621948648759,0.0,0.0,0.0,0.0,-175.5975579055502
182,Pknox2,0.0,0.0,0.0,0.0,0.0,0.0,0.0,0.0,0.0,-1.090495802061253,0.0,0.0,0.0,0.0,0.0,0.0,0.0,0.0,0.0,0.0,0.0,0.0,-1.99078457694868,0.0
183,Mad2l2,0.0,0.0,0.0,0.0,0.0,0.0,0.0,0.0,0.0,0.0,0.0,0.0,0.0,0.0,0.0,0.0,0.0,0.0,0.0,0.0,0.0,0.0,-31.317456734568783,0.0
184,Zfp105,0.0,0.0,0.0,0.0,0.0,0.0,0.0,0.0,0.0,0.0,0.0,0.0,0.0,0.0,0.0,0.0,0.0,0.0,0.1332094498385446,0.0,0.0,-104.65681031361021,0.0,0.0
185,Defb36,0.0,0.0,0.0,0.0,0.0,0.0,-6.173386361353456,0.0,0.0,0.0,0.0,0.0,0.0,-91.80533624825217,0.0,0.0,0.0,0.0,-0.1651370870529646,0.0,0.0,0.0,0.0,0.0
186,Smpd5,0.0,0.0,0.0,0.0,0.0,0.0,0.0,0.0,0.0,0.0,0.0,0.0,0.0,0.0,0.0,0.0,0.0,0.0,2.1326757027369245,0.0,0.0,0.0,0.0,0.0
187,Amer2,0.0,0.0,0.0,0.0,0.0,0.0,0.0,0.0,0.0,-4.843372659690723,0.0,0.0,0.0,0.0,0.0,0.0,0.0,0.0,-0.06128302099070839,0.0,0.0,-27.024108314462016,31.274820728011708,0.0
188,Esx1,0.0,0.0,0.0,0.0,0.0,0.0,0.0,0.0,0.0,0.0,0.0,0.0,0.0,0.0,0.0,0.0,0.0,0.0,0.0,0.0,0.0,0.0,0.0,0.0
189,Arl9,0.0,0.0,0.0,0.0,0.0,0.0,0.0,0.0,0.0,0.0,0.0,0.0,0.0,0.0,0.0,0.0,0.0,0.0,0.0,0.0,0.0,-13.378232460593654,-15.624500624818381,0.0
190,Morn1,0.0,0.0,0.0,0.0,0.0,0.0,0.0,0.0,0.0,0.0,0.0,0.0,0.0,0.0,0.0,0.0,0.0,0.0,0.0,0.0,0.0,-78.79361322302665,0.0,0.0
191,4933417A18Rik,0.0,0.0,0.0,0.0,0.0,0.0,0.0,0.0,0.0,0.0,0.0,0.0,0.0,0.0,0.0,0.0,0.0,0.0,0.0,0.0,0.0,0.0,0.0,0.0
192,Ccdc36,0.0,0.0,0.0,0.0,-15.903135383173423,0.0,0.0,0.0,0.0,0.0,0.0,0.0,0.0,0.0,0.0,-26.634994889807505,0.0,0.0,-0.4801454433043352,0.0,0.0,0.0,0.0,0.0
193,Ica1l,0.0,0.0,0.0,0.0,0.0,0.0,0.0,0.0,0.0,0.0,0.0,0.0,0.0,0.0,0.0,0.0,0.0,0.0,-0.16409126296043686,0.0,0.0,-15.68339221724756,-8.962468902719667,0.0
194,4930404N11Rik,0.0,0.0,0.0,0.0,0.0,0.0,0.0,0.0,0.0,0.0,0.0,0.0,0.0,0.0,0.0,0.0,0.0,0.0,0.0,0.0,0.0,0.0,0.0,0.0
195,Tmc7,0.0,0.0,0.0,0.0,0.0,0.0,0.0,0.0,0.0,0.0,0.0,0.0,0.0,0.0,0.0,0.0,0.0,0.0,-0.24548997527351346,0.0,0.0,0.0,0.0,0.0
196,Rfx5,0.0,0.0,0.0,0.0,0.0,0.0,0.0,0.0,0.0,0.0,0.0,0.0,0.0,0.0,0.0,0.0,0.0,0.0,0.0,0.0,0.0,0.0,0.0,0.0
197,Sh3gl3,0.0,0.0,0.0,0.0,0.0,0.0,0.0,0.0,0.0,-5.3249229424727,0.0,0.0,0.0,0.0,0.0,0.0,0.0,0.0,0.040203849011391096,0.0,-2.15689170331489,-65.4934323155443,0.0,0.0
198,Spag8,0.0,0.0,0.0,0.0,0.0,0.0,0.0,0.0,0.0,0.0,0.0,0.0,0.0,0.0,0.0,0.0,0.0,0.0,0.0093878195266847,0.0,0.0,-162.43209874171876,0.0,-65.37436274666214
199,Gata6,0.0,0.0,0.0,0.0,0.0,0.0,0.0,0.0,0.0,0.0,0.0,0.0,0.0,0.0,0.0,0.0,0.0,0.0,0.0,0.0,0.0,0.0,0.0,0.0
200,Ypel1,0.0,0.0,0.0,0.0,0.0,0.0,0.0,0.0,0.0,0.0,0.0,0.0,0.0,0.0,0.0,0.0,0.0,0.0,-0.3699229173435193,0.0,0.0,0.0,0.0,0.0
201,Sox30,0.0,0.0,0.0,0.0,0.0,0.0,-9.59068070274014,0.0,0.0,-23.380405933997164,8.827065943410913,0.0,0.0,0.0,33.89762197425922,4.123947869557358,0.0,2.628692411120206,-1.7885595805096173,-2.6433905066493937,0.0,-129.29987663026577,-21.482964688575212,-88.33978566859169
202,Fam124b,0.0,0.0,0.0,0.0,0.0,0.0,0.0,0.0,0.0,0.0,0.0,0.0,0.0,0.0,0.0,0.0,0.0,0.0,0.0,0.0,0.0,-46.71632307555383,-15.103960813370096,-81.44032428021693
203,A630023A22Rik,0.0,0.0,0.0,0.0,0.0,0.0,0.0,0.0,0.0,0.0,0.0,0.0,0.0,0.0,0.0,0.0,0.0,0.0,0.0,0.0,0.0,0.0,-26.593106651276607,0.0
204,Fam110a,0.0,0.0,0.0,0.0,0.0,0.0,0.0,0.0,0.0,0.0,0.0,0.0,0.0,0.0,0.0,0.0,0.0,0.0,1.0923608222808605,0.0,0.0,0.0,-109.72580977142734,0.0
205,Atf7ip2,0.0,0.0,0.0,0.0,0.0,0.0,0.0,0.0,0.0,0.0,0.0,0.0,0.0,0.0,0.0,0.0,0.0,0.0,-0.0833286875240179,0.0,0.0,-12.699928557216362,0.0,0.0
206,Shc3,0.0,0.0,0.0,0.0,0.0,0.0,0.0,0.0,0.0,0.0,0.0,0.0,0.0,0.0,0.0,0.0,0.0,0.0,0.0,0.0,0.0,0.0,0.0,0.0
207,Nkx6-2,0.0,0.0,0.0,0.0,0.0,0.0,0.0,0.0,0.0,0.0,0.0,0.0,0.0,0.0,0.0,0.0,0.0,0.0,0.0,0.0,0.0,0.0,0.0,0.0
208,Kcnab3,0.0,0.0,0.0,0.0,0.0,0.0,0.0,0.0,0.0,11.14195152391185,0.0,0.0,0.0,0.0,0.0,0.0,0.0,0.0,0.0,0.0,0.0,0.0,-0.2739038342642447,0.0
209,Mroh5,0.0,0.0,0.0,0.0,0.0,0.0,1.267088164453401,0.0,0.0,0.0,0.0,0.0,0.0,0.0,0.0,0.0,0.0,0.0,0.07260976087959978,0.0,0.0,0.0,-1.142623409782276,0.0
210,Rnf151,0.0,0.0,0.0,0.0,0.0,0.0,-106.22917309629437,0.0,0.0,-232.908363056973,0.0,-5007.146332418837,0.0,-2482.3712405662277,0.0,54.25891609070114,0.0,-670.4435316256589,-0.12603863135541402,0.0,-420.74411329380445,-4703.18646172888,-1603.851918910421,-3508.8373958616266
211,Actrt3,0.0,0.0,0.0,0.0,0.0,0.0,-20.25703570314405,0.0,0.0,-13.984841897204292,0.0,66.1261058690717,0.0,-924.9445141290477,0.0,0.0,-62.72294172832549,162.72799890924773,0.6563965923295261,0.0,0.0,-161.92939279183065,217.6810948107284,-120.64439434033676
212,Mfsd6l,0.0,0.0,0.0,0.0,0.0,0.0,0.0,0.0,0.0,0.0,0.0,0.0,0.0,0.0,0.0,0.0,0.0,0.0,0.0,0.0,0.0,0.0,0.0,0.0
213,Il11,0.0,0.0,0.0,0.0,0.0,0.0,0.0,0.0,0.0,0.0,0.0,0.0,0.0,0.0,0.0,0.0,0.0,0.0,0.0,0.0,0.0,-99.96917832655855,0.0,0.0
214,Ccdc65,0.0,0.0,0.0,0.0,0.0,0.0,2.465511098718278,0.0,0.0,-10.483133617131456,-2.2005970412346545,0.0,0.0,-219.22320254639345,0.0,40.80278983658632,0.0,242.420145497996,-0.6467971993389323,0.0,0.0,-292.41360295204663,-78.12349320075124,-89.54062100322707
215,Cox8c,0.0,0.0,0.0,0.0,0.0,0.0,0.0,0.0,0.0,0.0,0.0,0.0,0.0,0.0,0.0,0.0,0.0,0.0,-7.183052215073732,0.0,0.0,0.0,0.0,0.0
216,Spata20,0.0,0.0,0.0,-165.8751151362118,0.0,0.0,-16.75557156788066,0.0,0.0,-109.64291011040702,-0.010731055693485203,-133.19299529317422,-142.11053533028254,-394.97353260506225,0.0,-188.82075429497732,-32.32335836476205,-490.4947195287793,-0.8548748328237942,-35.98077635459397,-55.57577491681685,-2074.388740048536,325.95229399037544,-498.34563216389586
217,Ccdc130,0.0,0.0,0.0,0.0,0.0,0.0,0.0,0.0,0.0,0.0,0.0,0.0,0.0,0.0,0.0,0.0,0.0,0.0,-0.34637727467360946,0.0,0.0,-70.8705599395833,0.0,0.0
218,Slamf9,0.0,0.0,0.0,0.0,0.0,0.0,0.0,0.0,0.0,0.0,0.0,0.0,0.0,0.0,0.0,0.0,0.0,0.0,0.12150530652971123,0.0,0.0,0.0,0.0,0.0
219,Tex26,0.0,0.0,0.0,0.0,0.0,0.0,0.0,0.0,0.0,0.0,0.0,0.0,0.0,0.0,0.0,0.0,0.0,0.0,0.5516931533087475,0.0,0.0,-107.78440339773462,0.0,0.0
220,Iqcf1,0.0,0.0,0.0,0.0,0.0,0.0,0.0,0.0,0.0,-869.0435963915905,316.72723089776116,0.0,0.0,0.0,0.0,2664.494968662299,-698.7733627329528,3480.5233511636584,0.0,0.0,0.0,0.0,-1046.1493264753126,0.0
221,Fscn3,0.0,0.0,0.0,0.0,0.0,0.0,0.0,0.0,0.0,0.0,0.0,0.0,0.0,0.0,0.0,0.0,0.0,20.316116719539817,0.0,0.0,0.0,0.0,220.36332256650206,0.0
222,Rbmxl2,0.0,0.0,0.0,0.0,0.0,0.0,4.032789748405816,0.0,0.0,15.051115384021653,-27.89563360211885,0.0,0.0,73.78666270180047,0.0,-89.86001929810489,19.15338531594335,-111.21528304699719,-0.37051863484336484,0.0,4.351482729097177,-733.9207711775513,8.861077845422336,-118.77435043232772
223,Chrne,0.0,0.0,0.0,0.0,0.0,0.0,0.0,0.0,0.0,0.0,0.0,0.0,0.0,0.0,0.0,0.0,0.0,0.0,1.07185836216223,0.0,0.0,-434.92081625845555,0.0,0.0
224,A330070K13Rik,0.0,0.0,0.0,0.0,0.0,0.0,0.0,0.0,0.0,0.0,0.0,0.0,0.0,-97.31850241155622,0.0,0.0,0.0,-1.7690366992628987,0.0,0.0,0.0,-11.984037896290326,0.0,0.0
225,Fam83e,0.0,0.0,0.0,0.0,0.0,0.0,0.0,0.0,0.0,0.0,0.0,0.0,0.0,0.0,0.0,0.0,0.0,0.0,0.13965235975312834,0.0,0.0,118.50985227733821,-16.24906093665588,-146.08732760939697
226,Glipr1l1,0.0,0.0,0.0,0.0,0.0,0.0,0.0,0.0,0.0,0.0,0.0,0.0,0.0,0.0,0.0,0.0,0.0,0.0,0.0,0.0,0.0,0.0,-275.5770972337521,3696.8873567652454
227,Tcea2,0.0,0.0,0.0,0.0,0.0,0.0,0.0,0.0,0.0,0.0,0.0,0.0,0.0,0.0,0.0,0.0,0.0,0.0,-0.0050444303020131444,0.0,0.0,0.0,0.0,0.0
228,Reep6,0.0,0.0,0.0,0.0,0.0,0.0,0.0,0.0,0.0,0.0,0.0,0.0,0.0,-204.20615330091323,0.0,0.0,0.0,0.0,0.48719350452437654,0.0,0.0,-219.1452434704473,0.0,0.0
229,Catsper4,0.0,0.0,0.0,0.0,0.0,0.0,5.869379046427346,0.0,0.0,-1.5596279286564598,-153.4154111603061,0.0,0.0,936.4584090175805,0.0,-463.8202405687138,86.48312429350871,-394.1714658706543,0.2605336366559705,0.0,23.312902115326025,-486.326125703235,-26.635674359491034,-704.7145392504624
230,Ybx2,0.0,0.0,0.0,0.0,0.0,0.0,0.0,0.0,0.0,0.0,0.0,0.0,0.0,0.0,0.0,0.0,0.0,0.0,1.2103806753484831,0.0,0.0,-2286.7300711103244,-128.45384197947791,-87.1076598378908
231,Lrrc36,0.0,0.0,0.0,0.0,0.0,0.0,0.0,0.0,0.0,0.0,0.0,0.0,0.0,0.0,0.0,0.0,0.0,0.0,0.0,0.0,0.0,0.0,23.362208702792152,0.0
232,1700001O22Rik,0.0,0.0,0.0,0.0,0.0,0.0,0.0,0.0,0.0,0.0,0.0,0.0,0.0,0.0,0.0,0.0,0.0,0.0,0.0,0.0,0.0,0.0,0.0,0.0
233,Lgsn,0.0,0.0,0.0,0.0,0.0,0.0,0.0,0.0,0.0,0.0,0.0,0.0,0.0,0.0,0.0,0.0,0.0,0.0,0.0,0.0,0.0,0.0,-3.2823708713467306,0.0
234,Bcl2a1a,0.0,0.0,0.0,0.0,0.0,0.0,-17.315279732701395,0.0,0.0,0.0,0.0,0.0,0.0,-172.8883332004651,0.0,0.0,0.0,0.0,0.2705616229675794,0.0,-22.587607305755512,-101.6922543567893,0.0,0.0
235,Ccdc105,0.0,0.0,0.0,0.0,0.0,0.0,-0.9323249234096356,0.0,0.0,-77.09492330904473,0.0,-114.51942592416803,0.0,546.616425350422,0.0,-268.1236509342214,98.92992482184924,-230.76881156648932,-0.15960635742858545,-20.302120751630994,3.1249714779127316,-140.87309058463305,-40.82195499438585,-52.484922764347594
236,Vwa5b1,0.0,0.0,0.0,0.0,0.0,0.0,0.0,0.0,0.0,-8.8441176562433,0.0,0.0,0.0,12.905735306063006,0.0,0.0,0.0,0.0,0.0,0.0,0.0,-42.82857458883378,-8.969028955401187,-20.684630142232727
237,Sycp3,0.0,0.0,0.0,0.0,0.0,0.0,0.0,0.0,0.0,0.0,0.0,0.0,0.0,0.0,0.0,24.650629321257,0.0,0.0,-0.2747413170434619,0.0,0.0,0.0,0.0,0.0
238,Spata31d1b,0.0,0.0,0.0,0.0,0.0,0.0,0.0,0.0,0.0,0.0,0.0,0.0,0.0,0.0,0.0,0.0,0.0,0.0,0.0,0.0,0.0,-49.29817713334752,0.0,0.0
239,Phyhipl,0.0,0.0,0.0,0.0,0.0,0.0,0.0,0.0,0.0,-9.18500301658302,0.0,0.0,0.0,0.0,0.0,0.0,0.0,0.0,-0.23273982280878905,0.0,0.0,-59.68116349753079,-29.4419666202206,0.0
240,Adad2,0.0,0.0,0.0,0.0,0.0,0.0,0.0,0.0,0.0,0.0,0.0,0.0,0.0,0.0,0.0,0.0,0.0,0.0,0.0,0.0,0.0,0.0,0.0,0.0
241,Dnajb8,0.0,0.0,0.0,0.0,0.0,0.0,0.0,0.0,0.0,-150.5985015346395,0.0,0.0,0.0,0.0,0.0,0.0,0.0,0.0,0.0,0.0,0.0,0.0,183.51780520912988,-1122.9049119623496
242,Ccdc60,0.0,0.0,0.0,0.0,0.0,0.0,0.0,0.0,0.0,-37.5129632729678,0.0,0.0,0.0,0.0,0.0,0.0,0.0,0.0,-0.31140975019345857,0.0,0.0,0.0,-41.5673835640467,0.0
243,1700003F12Rik,0.0,0.0,0.0,0.0,0.0,0.0,0.0,0.0,0.0,0.0,0.0,0.0,0.0,0.0,0.0,0.0,0.0,0.0,0.0,0.0,0.0,0.0,0.0,0.0
244,1700113H08Rik,0.0,0.0,0.0,0.0,0.0,0.0,0.0,0.0,0.0,0.0,0.0,0.0,0.0,0.0,0.0,0.0,0.0,0.0,0.0,0.0,0.0,0.0,0.0,0.0
245,Fam187b,0.0,0.0,0.0,0.0,0.0,0.0,0.0,0.0,0.0,0.0,0.0,-246.8273836701674,0.0,-137.1488859344753,0.0,9.298764942644224,-24.901027554145518,-22.61401742429539,0.21171771048908472,0.0,-28.79788818059075,-73.43818473732479,-27.971706069224982,-71.01294684714125
246,Gata1,0.0,0.0,0.0,0.0,0.0,0.0,0.0,0.0,0.0,0.0,0.0,0.0,0.0,0.0,0.0,0.0,0.0,0.0,0.0,0.0,0.0,0.0,0.0,0.0
247,Pcdhb12,0.0,0.0,0.0,0.0,0.0,0.0,0.0,0.0,0.0,0.0,0.0,0.0,0.0,0.0,0.0,0.0,0.0,0.0,0.0,0.0,0.0,0.0,0.0,0.0
248,Fam209,0.0,0.0,0.0,0.0,0.0,0.0,0.0,0.0,0.0,0.0,0.0,0.0,0.0,0.0,0.0,0.0,0.0,0.0,0.0,0.0,0.0,-6546.093247239156,-1600.3941214936085,0.0
249,Hcrt,0.0,0.0,0.0,0.0,0.0,0.0,0.0,0.0,0.0,0.0,0.0,0.0,0.0,0.0,0.0,0.0,0.0,0.0,0.10078461748699226,0.0,0.0,0.0,0.0,0.0
250,Zpbp2,0.0,736.4635670325786,65.66184208253803,0.0,-328.8138586966846,0.0,8.854206726846453,0.0,0.0,0.0,-91.59117805779216,0.0,-119.34841238526381,-41.85006508232236,0.0,-140.80119592001088,-29.744608752177722,-123.29728128753737,-1.2022758946919572,0.0,49.29078255620644,-19.57558589215843,62.307481934342924,-492.6325094404605
251,1700012B09Rik,0.0,0.0,0.0,0.0,0.0,0.0,0.0,0.0,0.0,0.0,0.0,0.0,0.0,0.0,0.0,0.0,0.0,0.0,0.0,0.0,0.0,0.0,0.0,0.0
252,Atp6ap1l,0.0,0.0,0.0,0.0,0.0,0.0,0.0,0.0,0.0,0.0,0.0,0.0,0.0,0.0,0.0,0.0,0.0,-337.3826731589664,0.0,0.0,0.0,0.0,0.0,0.0
253,Pdilt,0.0,0.0,0.0,0.0,0.0,0.0,0.0,0.0,0.0,0.0,0.0,0.0,0.0,-207.82990268008865,0.0,-140.93003317815382,0.0,0.0,0.12637070593972174,0.0,0.0,-286.6390705507642,0.0,0.0
254,Tdrd6,0.0,0.0,0.0,0.0,0.0,0.0,0.0,0.0,0.0,0.0,0.0,0.0,0.0,0.0,0.0,0.0,0.0,0.0,0.16085255019964612,0.0,0.0,0.0,1.9936542696982942,0.0
255,Gpr156,0.0,0.0,0.0,0.0,0.0,0.0,0.0,0.0,0.0,0.0,0.0,0.0,0.0,0.0,0.0,0.0,0.0,0.0,0.0,0.0,0.0,0.0,0.0,0.0
256,Gm17660,0.0,0.0,0.0,0.0,0.0,0.0,0.0,0.0,0.0,32.29963740963366,0.0,0.0,0.0,0.0,0.0,0.0,0.0,0.0,0.0,0.0,0.0,0.0,2.6613620375191323,0.0
257,Wbp2nl,0.0,0.0,0.0,0.0,0.0,0.0,-15.091010314692083,0.0,0.0,-20.201116379278233,0.0,52.0951392447767,0.0,0.0,302.9567858928015,203.25619880973966,-65.78170355552852,221.51828203529763,1.0810911213833492,0.0,0.0,1260.2542745844614,24.346410389771027,-41.41504145105515
258,Kctd19,0.0,0.0,0.0,0.0,0.0,0.0,5.709471913656803,0.0,0.0,0.0,0.0,0.0,0.0,-26.989688007392974,0.0,0.0,0.0,0.0,-0.267021744507855,0.0,0.0,0.0,0.0,0.0
259,Cyct,0.0,0.0,0.0,0.0,0.0,0.0,0.0,0.0,0.0,-255.14994633942186,0.0,0.0,0.0,0.0,0.0,0.0,0.0,0.0,-1.4189399662145374,0.0,0.0,-47.24876628426941,-91.31694582914876,0.0
260,Prdm8,0.0,0.0,0.0,0.0,0.0,0.0,0.0,0.0,0.0,0.0,0.0,0.0,0.0,0.0,0.0,0.0,0.0,0.0,0.0,0.0,0.0,0.0,0.0,0.0
261,Svop,0.0,0.0,0.0,0.0,0.0,0.0,0.0,0.0,0.0,5.8952590213812535,0.0,0.0,0.0,0.0,0.0,0.0,0.0,0.0,0.017073484997553994,0.0,0.0,-21.640700926564016,1.5531769222765712,0.0
262,Upk3bl,0.0,0.0,0.0,0.0,0.0,0.0,0.0,0.0,0.0,0.0,0.0,0.0,0.0,0.0,0.0,0.0,0.0,0.0,-0.29871809982319514,0.0,0.0,-24.937273897286865,0.0,0.0
263,Prr19,0.0,-58.99526196492037,0.0,0.0,0.0,0.0,-3.8114485528179913,0.0,0.0,-44.60641554633702,2.9878618658073663,0.0,0.0,-32.646777680931955,0.0,-2.4444590102096657,9.872358385806905,-2.975375184980692,-0.028955087447355275,0.0,0.0,-74.06093015063752,22.356765344926448,280.1262307444841
264,Ptchd3,0.0,0.0,0.0,0.0,0.0,0.0,0.0,0.0,0.0,0.0,0.0,0.0,0.0,0.0,0.0,0.0,0.0,0.0,-7.919580643971462e-06,0.0,0.0,-42.20919414065156,-0.6114409999781354,0.0
265,Fam170b,0.0,0.0,0.0,0.0,0.0,0.0,0.0,0.0,0.0,0.0,0.0,0.0,0.0,0.0,0.0,0.0,0.0,0.0,0.0,0.0,0.0,-431.876467378689,0.0,-854.5055449058025
266,Ddx4,0.0,0.0,0.0,0.0,0.0,0.0,0.0,0.0,0.0,0.0,0.0,0.0,0.0,-67.5888487958534,0.0,-80.36142346146536,0.0,0.0,0.7780307329577105,0.0,0.0,-17.80313201020133,19.15071634231556,-421.1979370842485
267,Ddx25,0.0,0.0,0.0,0.0,0.0,0.0,0.0,0.0,0.0,-77.80672759680333,0.0,0.0,0.0,0.0,0.0,0.0,0.0,0.0,-0.3918507109613064,0.0,0.0,0.0,-23.172861683184102,0.0
268,Wdr54,0.0,0.0,0.0,0.0,0.0,0.0,0.0,0.0,0.0,0.0,0.0,0.0,0.0,0.0,0.0,0.0,0.0,0.0,0.0,0.0,0.0,-3.4820534268654364,1.153398179140221,0.0
269,Dbndd1,0.0,0.0,0.0,0.0,0.0,0.0,0.0,0.0,0.0,0.8366447616405247,0.0,0.0,0.0,0.0,0.0,0.0,0.0,0.0,0.0,0.0,0.0,0.0,-40.74464300043974,0.0
270,Pom121l2,0.0,0.0,0.0,0.0,0.0,0.0,0.0,0.0,0.0,0.0,0.0,0.0,0.0,0.0,0.0,0.0,0.0,0.0,0.011412523203524092,0.0,0.0,0.0,-3.979088046690674,0.0
271,Gjd3,0.0,0.0,0.0,0.0,0.0,0.0,0.0,0.0,0.0,0.0,0.0,0.0,0.0,0.0,0.0,0.0,0.0,0.0,0.24901632614082814,0.0,0.0,-10.634936234303579,-3.4746695008470088,0.0
272,1700025C18Rik,0.0,0.0,0.0,0.0,0.0,0.0,0.0,0.0,0.0,0.0,0.0,0.0,0.0,0.0,0.0,0.0,0.0,0.0,0.0,0.0,0.0,0.0,0.0,0.0
273,Tmprss12,0.0,0.0,0.0,0.0,0.0,0.0,0.0,0.0,0.0,0.0,0.0,0.0,0.0,0.0,0.0,0.0,0.0,0.0,0.0,0.0,0.0,0.0,0.0,0.0
274,Papolb,0.0,0.0,0.0,15.338386616733565,0.0,0.0,2.5412456941590214,0.0,0.0,0.0,0.0,0.0,0.0,11.953634077071378,0.0,-37.637657735195084,0.0,-52.11195570754972,-0.33029867820057296,0.0,0.0,-367.48343801605586,-1.6960659957163797,-94.91041540159925
275,1700008O03Rik,0.0,0.0,0.0,0.0,0.0,0.0,0.0,0.0,0.0,0.0,0.0,0.0,0.0,0.0,0.0,0.0,0.0,0.0,0.0,0.0,0.0,0.0,0.0,0.0
276,Tssk5,0.0,0.0,0.0,0.0,0.0,0.0,0.0,0.0,0.0,0.0,0.0,0.0,0.0,0.0,0.0,0.0,0.0,0.0,-0.036260053104876885,0.0,0.0,-1.291575809420848,0.0,0.0
277,Lrrc10b,0.0,0.0,0.0,0.0,0.0,0.0,0.0,0.0,0.0,0.0,0.0,0.0,0.0,0.0,0.0,0.0,0.0,0.0,0.0,0.0,0.0,0.0,0.38882749340950956,0.0
278,1700029P11Rik,0.0,0.0,0.0,0.0,0.0,0.0,0.0,0.0,0.0,0.0,0.0,0.0,0.0,0.0,0.0,0.0,0.0,0.0,0.0,0.0,0.0,0.0,0.0,0.0
279,Sez6l,0.0,0.0,0.0,0.0,0.0,0.0,0.0,0.0,0.0,0.0,0.0,0.0,0.0,0.0,0.0,0.0,0.0,0.0,0.0,0.0,0.0,0.0,0.0,0.0
280,Tescl,0.0,0.0,0.0,0.0,0.0,0.0,0.0,0.0,0.0,-631.4163127698721,0.0,0.0,0.0,0.0,0.0,-876.1288459176618,267.86952003456537,0.0,1.4370772789768405,0.0,-30.821162898479475,-1809.4831024537439,-246.6603261453214,-1403.713460564687
281,Gm136,0.0,0.0,0.0,0.0,0.0,0.0,0.0,0.0,0.0,27.069611644690216,0.0,0.0,0.0,-497.0975810707186,0.0,0.0,0.0,0.0,1.0928727282344877,0.0,0.0,-99.75110327534722,282.26385447533124,-68.49269381962273
282,Kcnj6,0.0,0.0,0.0,0.0,0.0,0.0,0.0,0.0,0.0,0.0,0.0,0.0,0.0,0.0,0.0,0.0,0.0,0.0,0.0,0.0,0.0,0.0,0.0,0.0
283,Spats1,0.0,0.0,0.0,0.0,0.0,0.0,0.0,0.0,0.0,0.0,0.0,0.0,0.0,0.0,0.0,0.0,0.0,0.0,0.0,0.0,0.0,0.0,0.0,0.0
284,Cnbd2,0.0,0.0,0.0,0.0,0.0,0.0,0.0,0.0,0.0,0.0,0.0,0.0,0.0,0.0,0.0,0.0,0.0,0.0,0.0,0.0,0.0,-206.3611349761999,0.0,0.0
285,Dyrk4,0.0,0.0,0.0,0.0,0.0,0.0,0.0,0.0,0.0,0.0,0.0,0.0,0.0,0.0,0.0,0.0,0.0,0.0,0.0,0.0,0.0,-231.45525055224172,0.0,0.0
286,Sox5,0.0,0.0,0.0,0.0,0.0,0.0,0.0,0.0,0.0,0.0,0.0,0.0,0.0,0.0,0.0,0.0,0.0,0.0,0.0,0.0,0.0,0.0,-15.580874809993787,0.0
287,Klhl10,0.0,0.0,0.0,0.0,0.0,0.0,0.0,0.0,0.0,0.0,0.0,0.0,0.0,0.0,0.0,0.0,0.0,0.0,0.6254590367737111,0.0,0.0,0.0,-64.2062548816586,0.0
288,Smad6,0.0,0.0,0.0,0.0,0.0,0.0,0.0,0.0,0.0,0.0,0.0,0.0,0.0,0.0,0.0,0.0,0.0,0.0,0.0,0.0,0.0,-65.64302608518199,0.0,0.0
289,Prdx6b,0.0,0.0,0.0,0.0,0.0,0.0,0.0,0.0,0.0,0.0,0.0,0.0,0.0,0.0,0.0,0.0,0.0,0.0,-1.4538269324068152,0.0,0.0,0.0,0.0,0.0
290,Tmco2,0.0,0.0,0.0,0.0,0.0,0.0,0.0,0.0,0.0,0.0,0.0,0.0,0.0,0.0,0.0,0.0,0.0,0.0,0.0,0.0,0.0,0.0,0.0,0.0
291,Phf21b,0.0,0.0,0.0,0.0,0.0,0.0,0.0,0.0,0.0,0.0,0.0,0.0,0.0,0.0,0.0,0.0,0.0,0.0,0.0,0.0,0.0,0.0,0.0,0.0
292,Gata2,0.0,0.0,0.0,0.0,0.0,0.0,0.0,0.0,0.0,0.0,0.0,0.0,0.0,0.0,0.0,0.0,0.0,0.0,0.0,0.0,0.0,0.0,0.0,0.0
293,Crem,0.0,0.0,0.0,0.0,0.0,0.0,0.0,0.0,0.0,0.0,0.0,0.0,0.0,0.0,0.0,0.0,0.0,0.0,0.0,0.0,0.0,0.0,0.0,0.0
294,Gpr62,0.0,0.0,0.0,0.0,0.0,0.0,-4.215718388966728,0.0,0.0,-53.55585376798305,0.0,0.0,0.0,0.0,0.0,0.0,0.0,0.0,0.42290650001519225,0.0,0.0,0.0,-7.564117971064196,-88.65604588798656
295,Nrgn,0.0,0.0,0.0,0.0,0.0,0.0,0.0,0.0,0.0,0.0,0.0,0.0,0.0,0.0,0.0,0.0,0.0,0.0,0.2139963167148216,0.0,0.0,0.0,0.0,0.0
296,Resp18,0.0,0.0,0.0,0.0,0.0,0.0,0.0,0.0,0.0,15.31820294863801,0.0,0.0,0.0,0.0,0.0,0.0,0.0,0.0,0.0,0.0,0.0,0.0,-15.515756694463608,0.0
297,Fam186b,0.0,0.0,0.0,0.0,0.0,0.0,0.0,0.0,0.0,0.0,0.0,0.0,0.0,0.0,0.0,0.0,0.0,0.0,0.4104697508870621,0.0,0.0,0.0,-3.00818893591552,0.0
298,Rprml,0.0,0.0,0.0,0.0,0.0,0.0,-0.009608451731972313,0.0,0.0,-0.055608156534110276,0.0,0.0,0.0,0.0,0.0,0.0,0.0,0.0,0.06468593921039069,0.0,0.0,0.0,0.9835670844081124,0.0
299,Pmis2,0.0,0.0,0.0,0.0,0.0,0.0,0.0,0.0,0.0,-61.96362550986187,0.0,-1650.8943794378863,0.0,0.0,0.0,1561.9455755100369,-440.2831665917233,505.0151256745755,-5.250879886810704,0.0,0.0,-1464.2333856805387,-375.3304269909966,-1562.9886356457887
300,Tmem210,0.0,-28.0759502541178,0.0,0.0,0.0,0.0,10.573346369008433,0.0,0.0,-374.47569363682186,-209.14636403767582,-1224.4971702328476,-212.84214845840202,-33.14073050425753,-39.02986129016307,-244.60851486715939,-376.1434695227979,-347.1046322466386,-0.01333788616572472,-2.461025436471998,0.0,-2793.3911490532146,-191.13580140515157,-2680.2636144879634
301,Chrna5,0.0,0.0,0.0,0.0,0.0,0.0,0.0,0.0,0.0,0.0,0.0,0.0,0.0,0.0,0.0,0.0,0.0,0.0,0.0,0.0,0.0,-33.19852632953095,0.0,0.0
302,Hspb9,0.0,0.0,0.0,0.0,0.0,0.0,0.0,0.0,0.0,0.0,0.0,0.0,0.0,-1198.4587558100636,0.0,0.0,0.0,0.0,-8.590246750200492,0.0,250.10940919464082,-3848.0453533288537,-1577.2961468920955,-3342.7517045049763
303,Msh4,0.0,0.0,0.0,0.0,0.0,0.0,0.0,0.0,0.0,0.0,0.0,0.0,0.0,0.0,0.0,0.0,0.0,0.0,0.0,0.0,0.0,0.0,0.0,0.0
304,Spata32,0.0,0.0,0.0,0.0,0.0,0.0,-7.907431457761186,0.0,0.0,-0.1316369411776946,0.0,0.0,0.0,-165.52497441330576,0.0,0.0,0.0,0.0,-0.3874047260085562,0.0,-19.556466882740697,0.0,186.42498291859255,-9.286808730518496
305,Dpep3,0.0,0.0,0.0,0.0,0.0,0.0,0.0,0.0,0.0,0.0,0.0,0.0,0.0,0.0,0.0,0.0,0.0,0.0,0.0,0.0,0.0,0.0,0.0,-80.14323510713008
306,Ccdc183,0.0,0.0,0.0,0.0,0.0,0.0,0.0,0.0,0.0,0.0,0.0,0.0,0.0,-147.97950241077206,0.0,-142.6189637510418,0.0,0.0,-1.064201736028556,0.0,0.0,0.0,0.0,0.0
307,Fancd2os,0.0,0.0,0.0,0.0,0.0,0.0,1.585020851956571,0.0,0.0,0.0,-39.26609193475408,-655.6704950733404,0.0,-60.64966711515672,0.0,-12.304873930516772,-3.4374212293550346,-17.89731888880773,1.0969712225279802,0.0,23.77788487220442,2222.3181011218553,-3.5178812340265644,-617.5578178914874
308,Nova2,0.0,0.0,0.0,0.0,0.0,0.0,0.0,0.0,0.0,0.0,0.0,0.0,0.0,0.0,0.0,0.0,0.0,0.0,0.0,0.0,0.0,0.0,0.0,0.0
309,Tdrd12,0.0,0.0,0.0,0.0,0.0,0.0,0.0,0.0,0.0,0.0,-7.569031281668334,0.0,0.0,0.0,0.0,-29.913566047157385,0.0,0.0,-0.09497573956017033,0.0,0.0,0.0,0.0,0.0
310,Parp11,0.0,0.0,0.0,0.0,0.0,0.0,0.0,0.0,0.0,0.0,0.0,0.0,0.0,0.0,0.0,0.0,0.0,0.0,0.0,0.0,0.0,0.0,-9.422458204689699,0.0
311,Pitx2,0.0,0.0,0.0,0.0,0.0,0.0,0.0,0.0,0.0,0.0,0.0,0.0,0.0,0.0,0.0,0.0,0.0,0.0,0.0,0.0,0.0,0.0,0.0,0.0
312,Ccdc92,0.0,0.0,0.0,0.0,0.0,0.0,0.0,0.0,0.0,-39.73006121292125,0.0,0.0,0.0,0.0,0.0,0.0,0.0,0.0,0.0,0.0,0.0,0.0,-16.31442331385785,0.0
313,Prss54,0.0,0.0,0.0,0.0,0.0,0.0,-8.621099083262571,0.0,0.0,-67.0396591794137,0.0,0.0,0.0,-137.51759043679502,0.0,83.5722634084505,-49.08913862915564,62.89323792800626,0.5740148139676581,0.0,0.0,-203.62861753017827,-52.559855131981166,0.0
314,Cnih2,0.0,0.0,0.0,0.0,0.0,0.0,0.0,0.0,0.0,0.0,0.0,0.0,0.0,0.0,0.0,0.0,0.0,0.0,0.0,0.0,0.0,-3.8476990875945463,0.0,0.0
315,Npas1,0.0,0.0,0.0,0.0,0.0,0.0,0.0,0.0,0.0,-1.806942939623732,-6.002220383828197,-185.7766808849171,0.0,-30.19069000398175,0.0,0.0,0.0,0.0,1.7636149299484027,0.0,0.0,-37.421458695547635,0.27278466633769893,-59.64882295692345
316,Usp44,0.0,0.0,0.0,0.0,0.0,0.0,0.0,0.0,0.0,0.0,0.0,-18.910736356915532,0.0,-120.74622208822987,0.0,0.0,0.0,0.0,0.19156381433368133,0.0,0.0,0.0,0.0,0.0
317,Eqtn,0.0,-488.74203435965126,0.0,-832.5624575377017,0.0,0.0,-122.36787583390486,0.0,0.0,0.0,0.0,-861.7037615514524,0.0,-1605.7265475541305,0.0,338.45080930450456,-80.3624486828251,60.585223891251715,0.0,0.0,-129.1551470720119,-4.3987654594427985,192.82783932218507,0.0
318,Lrrc73,0.0,0.0,0.0,0.0,0.0,0.0,0.0,0.0,0.0,0.0,0.0,0.0,0.0,0.0,0.0,0.0,0.0,0.0,-0.07903430255416034,0.0,0.0,0.0,-1.541391091954602,0.0
319,Gapt,0.0,0.0,0.0,0.0,0.0,0.0,0.0,0.0,0.0,0.0,0.0,0.0,0.0,0.0,0.0,0.0,0.0,-27.207844124675006,0.0,0.0,0.0,-19.85886000695117,0.0,-77.22047083104508
320,Slc14a2,0.0,0.0,0.0,0.0,0.0,0.0,0.0,0.0,0.0,-5.977479448423965,0.0,0.0,0.0,0.0,0.0,0.0,0.0,0.0,0.0,0.0,0.0,0.0,-0.7408151039279472,0.0
321,Pomc,0.0,0.0,0.0,0.0,0.0,0.0,0.0,0.0,0.0,0.0,0.0,0.0,0.0,0.0,0.0,0.0,0.0,0.0,-0.4122473755225059,0.0,0.0,0.0,-23.34626394075546,0.0
322,Ptgis,0.0,0.0,0.0,0.0,0.0,0.0,0.0,0.0,0.0,0.0,0.0,0.0,0.0,0.0,0.0,0.0,0.0,0.0,-0.17786562658911118,0.0,0.0,0.0,0.0,0.0
323,Runx3,0.0,0.0,0.0,0.0,0.0,0.0,0.0,0.0,0.0,0.0,0.0,0.0,0.0,0.0,0.0,0.0,0.0,0.0,0.0,0.0,0.0,0.0,0.0,0.0
324,Tmem217,0.0,0.0,0.0,0.0,0.0,0.0,6.7961418904542485,0.0,0.0,7.96138315032093,-7.740617257661854,-264.89960780803045,0.0,-142.89244128027045,0.0,-5.22157767290339,-60.28678299272783,-18.83455128937684,2.694235453155251,0.0,12.460564654438752,-119.74699555732646,-18.12072993748521,-626.4000226111224
325,Ttll10,0.0,0.0,0.0,0.0,0.0,0.0,0.0,0.0,0.0,-77.61246107012288,0.0,0.0,0.0,0.0,0.0,140.7028955791409,-57.9271510098312,52.68739494056548,0.3333389194781211,0.0,-14.448408518126397,-69.61637501981663,-44.5982209133917,0.0
326,Gtsf1l,0.0,0.0,0.0,0.0,0.0,0.0,-120.49297385541466,0.0,0.0,0.0,0.0,-1782.547845144695,0.0,-1809.632925694529,0.0,-1278.879934687293,155.7090631366893,-1853.8996657651799,-2.213329874925416,0.0,0.0,-3598.941755831708,-1043.1804964948444,0.0
327,Best1,0.0,0.0,0.0,0.0,0.0,0.0,0.0,0.0,0.0,0.0,0.0,0.0,0.0,0.0,0.0,2.1120835931316857,0.0,-29.602759824243428,0.1823307470023919,0.0,0.0,-281.30265910542306,173.69436028126722,-250.2902590828495
328,Hormad1,0.0,0.0,0.0,0.0,0.0,0.0,0.0,0.0,0.0,2.734349803873961,-1.7276632934779705,0.0,0.0,1.0047598958326622,0.0,1.8417886580766307,-10.517925814759533,0.0,-0.09657027509250617,0.0,0.0,0.0,-1.128115038532028,0.0
329,Cstl1,0.0,0.0,0.0,0.0,0.0,0.0,0.0,0.0,0.0,0.0,0.0,0.0,0.0,-537.6863921583815,0.0,0.0,0.0,0.0,0.0,0.0,0.0,0.0,0.0,0.0
330,Atf1,0.0,0.0,0.0,0.0,0.0,0.0,0.0,0.0,0.0,0.0,0.0,0.0,0.0,0.0,0.0,0.0,0.0,0.0,0.0,0.0,0.0,0.0,0.0,0.0
331,Gal3st3,0.0,0.0,0.0,0.0,0.0,0.0,-1.71931182787747,0.0,0.0,0.0,0.0,0.0,0.0,0.0,0.0,0.0,0.0,0.0,0.17878443764236554,0.0,0.0,0.0,-16.504484222812536,0.0
332,Nanos3,0.0,0.0,0.0,0.0,0.0,0.0,0.0,0.0,0.0,0.0,0.0,0.0,0.0,0.0,0.0,0.0,0.0,0.0,0.0,0.0,0.0,0.0,0.0,0.0
333,Bpifa3,0.0,0.0,0.0,0.0,0.0,0.0,0.0,0.0,0.0,0.0,0.0,0.0,0.0,-258.3839885977759,0.0,0.0,0.0,0.0,0.0,0.0,0.0,0.0,0.0,0.0
334,4930432K21Rik,0.0,0.0,0.0,0.0,0.0,0.0,0.0,0.0,0.0,0.0,0.0,0.0,0.0,0.0,0.0,0.0,0.0,0.0,0.0,0.0,0.0,0.0,0.0,0.0
335,Fam217a,0.0,0.0,0.0,0.0,0.0,0.0,0.0,0.0,0.0,0.0,0.0,0.0,0.0,0.0,0.0,0.0,0.0,0.0,0.0,0.0,0.0,0.0,-73.77121545717843,0.0
336,Ddx43,0.0,0.0,0.0,0.0,0.0,0.0,0.0,0.0,0.0,0.0,0.0,0.0,0.0,0.0,0.0,0.0,0.0,0.0,0.0,0.0,0.0,0.0,0.0,0.0
337,Oprl1,0.0,0.0,0.0,0.0,0.0,0.0,0.0,0.0,0.0,-6.70086185535584,0.0,0.0,0.0,0.0,0.0,0.0,0.0,0.0,0.44786113389832344,0.0,0.0,0.0,-4.77585412156478,0.0
338,Pgam2,0.0,0.0,0.0,0.0,0.0,0.0,0.0,0.0,0.0,0.0,0.0,0.0,0.0,0.0,0.0,0.0,0.0,0.0,-4.63311118485252,0.0,-23.875600132877917,-1870.662703256194,-246.78421822153433,0.0
339,Hsfy2,0.0,0.0,0.0,0.0,0.0,0.0,0.0,0.0,0.0,0.0,0.0,0.0,0.0,0.0,0.0,0.0,0.0,0.0,0.0,0.0,0.0,0.0,0.0,0.0
340,Foxg1,0.0,0.0,0.0,0.0,0.0,0.0,0.0,0.0,0.0,0.0,0.0,0.0,0.0,0.0,0.0,0.0,0.0,0.0,0.0,0.0,0.0,0.0,0.0,0.0
341,Hoxd8,0.0,0.0,0.0,0.0,0.0,0.0,1.0465489985370862,0.0,0.0,0.0,0.0,0.0,0.0,-29.904996618080922,0.0,13.447987571608676,0.0,15.133188412495914,-0.09968698217250467,0.0,0.7286924690083078,-17.48493687000329,0.5044750718735803,0.0
342,Rd3,0.0,0.0,0.0,0.0,0.0,0.0,0.0,0.0,0.0,0.0,0.0,0.0,0.0,-8.323889126291974,0.0,0.0,0.0,0.0,0.0,0.0,0.0,0.0,-7.563029081190723,114.42265674807447
343,Lhx2,0.0,0.0,0.0,0.0,0.0,0.0,0.0,0.0,0.0,-51.25427239063831,0.0,0.0,0.0,0.0,0.0,0.0,0.0,0.0,0.0,0.0,0.0,-169.52039267884814,-0.4831353966527294,0.0
344,Trp53tg5,0.0,0.0,0.0,0.0,0.0,0.0,-71.29068334837686,0.0,0.0,0.0,0.0,0.0,0.0,-1531.021355903034,0.0,777.3671930908574,0.0,731.4496706856271,4.805159817051471,0.0,0.0,-343.89553596269974,310.59368245850527,-352.18179041482705
345,Hnf1b,0.0,0.0,0.0,0.0,0.0,0.0,0.0,0.0,0.0,0.0,0.0,0.0,0.0,0.0,0.0,0.0,0.0,0.0,-0.042698209319690525,0.0,0.0,0.0,0.0,0.0
346,Gm973,0.0,0.0,0.0,0.0,0.0,0.0,0.0,0.0,0.0,0.0,0.0,0.0,0.0,0.0,0.0,0.0,0.0,0.0,0.0,0.0,0.0,0.0,-16.377114554769626,0.0
347,Dhh,0.0,0.0,0.0,0.0,0.0,0.0,0.0,0.0,0.0,0.0,0.0,0.0,0.0,0.0,0.0,14.258987418284462,0.0,0.0,-0.07138238476150507,0.0,0.0,0.0,0.0,0.0
348,Dmrt3,0.0,0.0,0.0,0.0,0.0,0.0,0.0,0.0,0.0,0.0,0.0,0.0,0.0,0.0,0.0,0.0,0.0,0.0,0.0,0.0,0.0,0.0,-1.5710001734715533,0.0
349,Runx2,0.0,0.0,0.0,0.0,0.0,0.0,0.0,0.0,0.0,0.0,0.0,0.0,0.0,0.0,0.0,0.0,0.0,0.0,0.0,0.0,0.0,0.0,0.0,0.0
350,Ttll9,0.0,0.0,0.0,0.0,0.0,0.0,-4.117249992874724,0.0,0.0,-0.35493034022418024,0.0,0.0,0.0,-145.255354141305,0.0,0.0,-36.112265923302196,-18.88498103248537,-1.3800981260159553,0.0,4.244060782962763,-25.0142493024109,-13.163821835539823,-96.61168946078956
351,Sppl2c,0.0,0.0,0.0,0.0,0.0,0.0,0.0,0.0,0.0,-22.85795767615919,0.0,0.0,0.0,-223.3498390641794,0.0,0.0,0.0,0.0,0.7246322155134869,0.0,0.0,0.0,-41.357680967330424,0.0
352,Hmx1,0.0,0.0,0.0,0.0,0.0,0.0,0.0,0.0,0.0,0.0,0.0,0.0,0.0,0.0,0.0,0.0,0.0,0.0,-0.053808404797921504,0.0,0.0,0.0,-1.3584184924213756,0.0
353,Cd48,0.0,0.0,0.0,0.0,0.0,0.0,0.0,0.0,0.0,0.0,0.0,0.0,0.0,0.0,0.0,0.0,0.0,0.0,0.0,0.0,0.0,0.0,0.0,0.0
354,Catsperg1,0.0,0.0,0.0,0.0,0.0,0.0,0.0,0.0,0.0,0.0,0.0,0.0,0.0,0.0,0.0,0.0,0.0,0.0,-0.02183084846012869,0.0,0.0,-20.229024324287117,-0.0921957057639494,0.0
355,Irgc1,0.0,0.0,0.0,0.0,0.0,0.0,-92.7265255643858,0.0,0.0,-398.4500556389088,0.0,0.0,0.0,0.0,0.0,502.6059875263622,-183.74414734006328,0.0,3.7865518840485226,0.0,0.0,-1532.6905774572426,-514.2475396950655,2460.485042128381
356,Lkaaear1,0.0,0.0,0.0,0.0,0.0,0.0,0.0,0.0,0.0,0.0,0.0,0.0,0.0,0.0,0.0,0.0,0.0,0.0,-1.821184503682555,0.0,0.0,-680.1189717260779,-390.0463336306736,0.0
357,Pdcd1lg2,0.0,0.0,0.0,0.0,0.0,0.0,0.0,0.0,0.0,0.0,0.0,0.0,0.0,0.0,0.0,0.0,0.0,0.0,0.0,0.0,0.0,0.0,0.0,0.0
358,Caly,0.0,0.0,0.0,0.0,0.0,0.0,0.0,0.0,0.0,-0.02410088089035223,0.0,0.0,0.0,0.0,0.0,0.0,0.0,0.0,0.0,0.0,0.0,0.0,-2.2893164023767594,0.0
359,Rsph6a,0.0,0.0,0.0,0.0,0.0,0.0,0.0,0.0,0.0,0.0,0.0,0.0,0.0,0.0,0.0,0.0,0.0,0.0,0.0,0.0,0.0,0.0,4.386784238362899,-32.116877887540426
360,Pwwp2b,0.0,0.0,0.0,0.0,0.0,0.0,0.0,0.0,0.0,0.0,0.0,0.0,0.0,0.0,0.0,0.0,0.0,0.0,0.0,0.0,0.0,-393.61745105669627,0.0,0.0
361,Cyth2,0.0,0.0,0.0,0.0,0.0,0.0,0.0,0.0,0.0,0.0,0.0,0.0,0.0,0.0,0.0,0.0,0.0,0.0,-0.5320760883366281,0.0,0.0,0.0,0.0,0.0
362,Hecw1,0.0,0.0,0.0,0.0,0.0,0.0,0.0,0.0,0.0,0.0,0.0,0.0,0.0,0.0,0.0,0.0,0.0,0.0,0.07565011430475335,0.0,0.0,-12.204982479268844,0.0,0.0
363,Osbp2,0.0,0.0,0.0,0.0,0.0,0.0,0.0,0.0,0.0,-10.785470688689571,21.677333395265062,646.128518820225,0.0,-168.20747552215803,0.0,19.987844996912944,-2.073123771588339,-23.19367085327426,0.5818325032027195,0.0,0.0,-100.54157212627895,150.99616053102457,-77.29236940748177
364,Riiad1,0.0,0.0,0.0,0.0,0.0,0.0,-48.40986567747003,0.0,0.0,-581.1208429048623,0.0,0.0,0.0,0.0,0.0,1507.5804853593063,-139.31920764326017,149.70472071732183,-5.396261629141594,0.0,0.0,0.0,-145.22972953815778,0.0
365,Fam183b,0.0,0.0,0.0,0.0,0.0,0.0,0.0,0.0,0.0,0.0,0.0,0.0,0.0,0.0,0.0,0.0,0.0,0.0,0.0,0.0,0.0,0.0,-18.078366753608403,0.0
366,Tex37,0.0,0.0,0.0,0.0,0.0,0.0,0.0,0.0,0.0,0.0,0.0,0.0,0.0,0.0,0.0,0.0,0.0,0.0,0.0,0.0,0.0,-414.4041937124064,0.0,0.0
367,Csrnp3,0.0,0.0,0.0,0.0,0.0,0.0,0.0,0.0,0.0,-10.835849404218699,0.0,0.0,0.0,0.0,0.0,0.0,0.0,0.0,0.050751765141933226,0.0,0.0,0.0,-6.7047923769938995,0.0
368,Catsperd,0.0,0.0,0.0,0.0,0.0,0.0,0.0,0.0,0.0,0.0,0.0,0.0,0.0,0.0,0.0,0.0,0.0,0.0,-0.023886002583990294,0.0,0.0,0.0,-5.294061468408295,0.0
369,Catsper3,0.0,0.0,0.0,0.0,0.0,0.0,0.0,0.0,0.0,0.0,0.0,0.0,0.0,0.0,0.0,0.0,0.0,0.0,0.0,0.0,0.0,0.0,-16.61344884480626,0.0
370,1700020D05Rik,0.0,0.0,0.0,0.0,0.0,0.0,0.0,0.0,0.0,0.0,0.0,0.0,0.0,0.0,0.0,0.0,0.0,0.0,0.0,0.0,0.0,0.0,0.0,0.0
371,Tex29,0.0,0.0,0.0,-1015.326974454006,0.0,0.0,0.0,0.0,0.0,0.0,0.0,-2974.365604409226,0.0,-2229.0558088598686,0.0,176.46346872218018,0.0,116.62170523806336,0.0,0.0,0.0,-1626.7458483184976,0.0,-142.4500720711492
372,Spata25,0.0,0.0,0.0,0.0,0.0,0.0,-15.220480110555425,0.0,0.0,0.4791118875857099,53.71946694530587,1987.681234890018,27.823059046753283,0.0,0.0,94.60217086364196,-116.99517574370319,-15.351485473962779,-0.01294539698210961,-54.401485909824075,-54.564496133815624,-933.336387628408,697.7536614329928,-720.4709499697574
373,Ccna1,0.0,0.0,0.0,0.0,0.0,0.0,0.0,0.0,0.0,0.0,2.7726577493155333,-118.17302936787813,0.0,0.0,0.0,53.14569548032896,0.0,0.0,1.5627849873478699,0.0,0.0,278.4858042724276,-15.403502504983523,-19.58250420151676
374,Dusp15,0.0,0.0,0.0,0.0,0.0,0.0,0.0,0.0,0.0,0.0,0.0,0.0,0.0,0.0,0.0,0.0,0.0,0.0,0.0,0.0,0.0,0.0,0.0,0.0
375,Fam135b,0.0,0.0,0.0,0.0,0.0,0.0,0.0,0.0,0.0,0.0,0.0,0.0,0.0,0.0,0.0,0.0,0.0,0.0,0.0,0.0,0.0,0.0,0.0,0.0
376,Lyzl6,0.0,0.0,0.0,0.0,0.0,0.0,0.0,0.0,0.0,0.0,0.0,0.0,0.0,-64.71966003179149,0.0,0.0,0.0,0.0,0.0,0.0,-12.654208745954115,-1088.1308806690608,0.0,-2221.2842657206143
377,Dclk1,0.0,0.0,0.0,0.0,0.0,0.0,0.0,0.0,0.0,0.0,0.0,0.0,0.0,0.0,0.0,0.0,0.0,0.0,0.0,0.0,0.0,0.0,0.0,0.0
378,Rxra,0.0,0.0,0.0,0.0,0.0,0.0,0.0,0.0,0.0,0.0,0.0,0.0,0.0,0.0,0.0,0.0,0.0,0.0,0.0,0.0,0.0,0.0,0.0,0.0
379,Spaca7,0.0,0.0,0.0,0.0,0.0,0.0,0.0,0.0,0.0,0.0,0.0,0.0,0.0,0.0,0.0,0.0,0.0,0.0,0.0,0.0,0.0,-1712.3491094748574,0.0,0.0
380,Syce1l,0.0,0.0,0.0,0.0,0.0,0.0,0.0,0.0,0.0,50.1912248563618,0.0,0.0,0.0,0.0,0.0,0.0,0.0,0.0,-0.017757076164277304,0.0,0.0,-97.32270832108149,-0.5522860574005284,-774.5917159376482
381,Gtf2a1l,0.0,0.0,0.0,0.0,0.0,0.0,0.0,0.0,0.0,0.0,0.0,0.0,0.0,0.0,0.0,-3.884263147991202,0.0,0.0,-0.327604827096627,-10.925566708860174,0.0,-67.49454480188344,-22.210342990204243,-141.07306020496324
382,Boll,0.0,0.0,0.0,0.0,0.0,0.0,0.0,0.0,0.0,0.0,0.0,0.0,0.0,-88.76991984165387,0.0,0.0,0.0,0.0,-0.14476520945776702,0.0,0.0,-31.55223257113336,0.0,0.0
383,Dlx5,0.0,0.0,0.0,0.0,0.0,0.0,0.0,0.0,0.0,0.0,0.0,0.0,0.0,0.0,0.0,0.0,0.0,0.0,0.21341477209332224,0.0,0.0,-51.923988720111126,-1.2714837411939994,0.0
384,Gapdhs,0.0,0.0,0.0,0.0,0.0,0.0,0.0,0.0,0.0,0.0,0.0,-620.6918808265146,0.0,84.29306218541382,0.0,-207.06042117263476,0.0,-446.3968591453168,1.4077253765165603,0.0,0.0,-4968.483939183495,-447.5898557216386,-293.17177829777484
385,Ankrd36,0.0,0.0,0.0,0.0,0.0,0.0,0.0,0.0,0.0,0.0,0.0,0.0,0.0,0.0,0.0,0.0,0.0,0.0,-0.05571498309030201,0.0,0.0,-56.77496960838324,36.139001553116636,0.0
386,Glb1l3,0.0,0.0,0.0,0.0,0.0,0.0,0.0,0.0,0.0,32.071546883257675,0.0,0.0,0.0,0.0,0.0,0.0,0.0,0.0,0.0,0.0,0.0,0.0,0.11017957792424929,0.0
387,Golga7b,0.0,0.0,0.0,0.0,0.0,0.0,0.0,0.0,0.0,-0.9238225562947476,0.0,0.0,0.0,0.0,0.0,0.0,0.0,0.0,0.0,0.0,0.0,0.0,1.6276480645142914,0.0
388,Gpr61,0.0,0.0,0.0,0.0,0.0,0.0,0.0,0.0,0.0,0.0,0.0,0.0,0.0,0.0,0.0,0.0,0.0,0.0,0.0,0.0,0.0,-3.329250146293335,1.1918895593048642,0.0
389,Alx1,0.0,0.0,0.0,0.0,0.0,0.0,0.0,0.0,0.0,0.0,0.0,0.0,0.0,0.0,0.0,0.0,0.0,0.0,0.0,0.0,0.0,0.0,0.0,0.0
390,Fbxo24,0.0,0.0,0.0,0.0,0.0,0.0,-0.9608420966742147,0.0,0.0,0.0,0.0,0.0,0.0,0.0,0.0,-1.7923932422451985,0.0,0.0,0.08009538354133557,0.0,0.0,-41.97833308549294,-1.8392799699394364,-121.49073920771473
391,Srcin1,0.0,0.0,0.0,0.0,0.0,0.0,0.0,0.0,0.0,0.0,0.0,0.0,0.0,0.0,0.0,0.0,0.0,0.0,0.0,0.0,0.0,0.0,0.0,0.0
392,Mesp1,0.0,0.0,0.0,0.0,0.0,0.0,0.0,0.0,0.0,0.0,0.0,0.0,0.0,0.0,0.0,0.0,0.0,0.0,0.0,0.0,0.0,0.0,0.0,0.0
393,Celf3,0.0,0.0,0.0,0.0,0.0,0.0,0.0,0.0,0.0,0.0,0.0,0.0,0.0,0.0,0.0,0.0,0.0,0.0,0.0,0.0,0.0,0.0,0.0,0.0
394,Lca5l,0.0,0.0,0.0,0.0,0.0,0.0,0.0,0.0,0.0,0.0,0.0,0.0,0.0,0.0,0.0,0.0,0.0,0.0,-0.10593040526900177,0.0,0.0,-106.67865163975088,0.04091154896952658,0.0
395,Adam32,0.0,0.0,0.0,0.0,0.0,0.0,0.0,0.0,0.0,0.0,0.0,0.0,0.0,0.0,0.0,0.0,0.0,0.0,-0.5632232037264293,0.0,0.0,0.0,0.0,0.0
396,Hmgb4,0.0,0.0,0.0,0.0,0.0,0.0,0.0,0.0,0.0,0.0,0.0,0.0,0.0,0.0,0.0,0.0,0.0,0.0,0.0,0.0,0.0,-3725.1476169304133,0.0,0.0
397,Tex12,0.0,0.0,0.0,0.0,0.0,0.0,0.0,0.0,0.0,0.0,0.0,0.0,0.0,0.0,0.0,0.0,0.0,0.0,-0.025838217688133738,0.0,0.0,0.0,0.0,0.0
398,Oaz3,0.0,0.0,0.0,0.0,0.0,0.0,-52.436342317153155,0.0,0.0,0.0,0.0,0.0,0.0,0.0,0.0,-106.57117832971727,-34.36898890264125,0.0,0.5712408698394679,0.0,0.0,-471.0345832365746,-295.84246093525377,0.0
399,Dram1,0.0,0.0,0.0,0.0,0.0,0.0,0.0,0.0,0.0,0.0,0.0,0.0,0.0,0.0,0.0,0.0,0.0,0.0,0.33359920125308956,0.0,0.0,0.0,0.0,0.0
400,Blcap,0.0,0.0,0.0,0.0,0.0,0.0,0.0,0.0,0.0,-32.03726626156275,0.0,0.0,0.0,0.0,0.0,0.0,0.0,0.0,0.0,0.0,0.0,0.0,-18.451519047496294,0.0
401,Tead2,0.0,0.0,0.0,0.0,0.0,0.0,0.0,0.0,0.0,0.0,0.0,0.0,0.0,0.0,0.0,0.0,0.0,0.0,0.0,0.0,0.0,0.0,0.0,0.0
402,Zcchc13,0.0,0.0,0.0,0.0,0.0,0.0,0.0,0.0,0.0,0.0,0.0,0.0,0.0,0.0,0.0,0.0,0.0,0.0,0.0,0.0,-49.450186308945575,0.0,0.0,0.0
403,Pacrg,0.0,0.0,0.0,0.0,0.0,0.0,0.0,0.0,0.0,-7.413151560125585,0.0,0.0,0.0,0.0,0.0,0.0,0.0,0.0,0.0,0.0,0.0,0.0,-169.0988494354184,0.0
404,Ccdc136,0.0,0.0,0.0,0.0,0.0,0.0,0.0,0.0,0.0,0.0,0.0,0.0,0.0,0.0,0.0,0.0,0.0,0.0,0.0,0.0,0.0,0.0,-65.3058587844595,0.0
405,Elfn2,0.0,0.0,0.0,0.0,0.0,0.0,0.0,0.0,0.0,0.0,0.0,0.0,0.0,0.0,0.0,0.0,0.0,0.0,0.0,0.0,0.0,0.0,0.0,0.0
406,Tekt1,0.0,0.0,0.0,0.0,0.0,0.0,0.0,0.0,0.0,0.0,0.0,0.0,0.0,0.0,0.0,0.0,0.0,0.0,-0.08194914025475232,0.0,0.0,0.0,212.150856978797,-443.514114464825
407,Cript,0.0,0.0,0.0,0.0,0.0,0.0,0.0,0.0,0.0,0.0,0.0,0.0,0.0,0.0,0.0,0.0,0.0,0.0,0.0,0.0,0.0,708.6362873333721,0.0,0.0
408,Mybl1,0.0,0.0,0.0,0.0,0.0,0.0,0.0,0.0,0.0,0.0,0.0,0.0,0.0,0.0,0.0,0.0,0.0,0.0,0.0,0.0,0.0,0.0,0.0,0.0
409,Spata9,0.0,0.0,0.0,0.0,0.0,0.0,0.0,0.0,0.0,0.0,0.0,0.0,0.0,-788.6797316075914,0.0,11.69826304844864,0.0,-80.67317624219442,-0.13638986283501178,0.0,-3.1831637719105816,-995.621598061798,-35.46707911605246,-131.0937136409442
410,Prr22,0.0,0.0,0.0,0.0,0.0,0.0,0.0,0.0,0.0,0.0,0.0,0.0,0.0,0.0,0.0,-22.227226844566314,0.0,-10.816332882714981,-0.9004804527650168,0.0,0.0,0.0,-109.08916281718534,0.0
411,Fbp1,0.0,0.0,0.0,0.0,0.0,0.0,0.0,0.0,0.0,0.0,0.0,0.0,0.0,0.0,0.0,0.0,0.0,0.0,-1.1499357587632,0.0,0.0,0.0,0.0,-16.018204088774667
412,Hemgn,0.0,0.0,0.0,0.0,0.0,0.0,0.0,0.0,0.0,0.0,0.0,0.0,0.0,0.0,0.0,0.0,0.0,0.0,-1.114068971405532,0.0,0.0,-164.80749976467655,0.0,0.0
413,Spin2d,0.0,0.0,0.0,0.0,0.0,0.0,0.0,0.0,0.0,0.0,0.0,0.0,0.0,0.0,0.0,0.0,0.0,0.0,-5.609782989126734e-05,0.0,0.0,0.0,0.0,0.0
414,Gm525,0.0,0.0,0.0,0.0,0.0,0.0,0.0,0.0,0.0,0.0,0.0,0.0,0.0,-14.513491730176844,0.0,0.0,0.0,-2.12849021993595,-0.8612228232778668,0.0,0.0,-254.11614556016966,7.128664659012681,-181.87484310797518
415,Zdhhc4,0.0,0.0,0.0,0.0,0.0,0.0,0.0,0.0,0.0,0.0,0.0,0.0,0.0,0.0,0.0,0.0,0.0,0.0,0.4447007408341623,0.0,0.0,0.0,0.0,0.0
416,Igsf11,0.0,0.0,0.0,0.0,0.0,0.0,0.0,0.0,0.0,0.0,0.0,0.0,0.0,0.0,0.0,0.0,0.0,0.0,0.0,0.0,0.0,0.0,-12.919781670179002,0.0
417,Ttc34,0.0,0.0,0.0,0.0,0.0,0.0,0.0,0.0,0.0,0.0,0.0,0.0,0.0,0.0,0.0,0.0,0.0,0.0,-0.06222092601469557,0.0,0.0,0.0,0.0,0.0
418,Hoxa4,0.0,0.0,0.0,0.0,0.0,0.0,0.0,0.0,0.0,-7.130088655732725,0.0,0.0,0.0,8.28003224052831,0.0,-78.58444610408029,0.0,0.0,0.00031635860655217425,0.0,0.0,-510.0513280005707,-8.754322152546816,-132.69632995221139
419,Syt11,0.0,0.0,0.0,0.0,0.0,0.0,0.0,0.0,0.0,0.0,0.0,0.0,0.0,0.0,0.0,0.0,0.0,0.0,0.0,0.0,0.0,0.0,-0.4500272868077106,0.0
420,Ccdc13,0.0,0.0,0.0,0.0,0.0,0.0,-2.4958737182855346,0.0,0.0,-14.040569100537224,0.0,0.0,0.0,0.0,0.0,-48.54444974272614,0.0,0.0,0.18163382764660563,-4.6447555361277075,0.0,-319.33236279950745,-6.857449702621994,-38.96559491302416
421,Rfx4,0.0,0.0,0.0,0.0,0.0,0.0,0.0,0.0,0.0,-0.8106750895707586,0.0,0.0,0.0,0.0,0.0,0.0,0.0,0.0,0.16054133503412263,-3.752486738174826,-4.0634369835717825,-88.31874049496405,0.0,-1.7939031475562075
422,Prss46,0.0,0.0,0.0,0.0,0.0,0.0,0.0,0.0,0.0,0.0,0.0,0.0,0.0,0.0,0.0,0.0,0.0,0.0,-0.27643335475279635,0.0,0.0,-378.7336032581427,0.0,0.0
423,Lmnb2,0.0,0.0,0.0,0.0,0.0,0.0,0.0,0.0,0.0,0.0,0.0,0.0,0.0,0.0,0.0,0.0,0.0,0.0,0.0,0.0,0.0,-210.85196194848444,0.0,0.0
424,Fsip1,0.0,0.0,0.0,0.0,0.0,0.0,0.0,0.0,0.0,0.0,0.0,0.0,0.0,0.0,0.0,0.0,0.0,0.0,0.0,0.0,0.0,0.0,0.0,-107.49128521449727
425,A630095N17Rik,0.0,-33.36058784321704,0.0,-96.94462271549085,0.0,0.0,-0.0024640137583573063,0.0,0.0,-100.84346642984292,6.158597552763218,-98.29067084151706,0.0,-27.695692213657725,0.0,21.772198637604085,37.475270707110326,-7.526045048026119,-0.11168390019259501,0.0,2.5137025092529868,-127.95613683321818,-35.25146549561338,802.3056697610954
426,Klk1b9,0.0,0.0,0.0,0.0,0.0,0.0,0.0,0.0,0.0,0.0,0.0,-10.403959443192234,0.0,0.0,0.0,0.0,0.0,0.0,-0.03474436799873711,0.0,0.0,-47.73936000457333,0.0,-260.3431532406267
427,Zdbf2,0.0,0.0,0.0,0.0,0.0,0.0,0.0,0.0,0.0,0.0,0.0,0.0,0.0,0.0,0.0,0.0,0.0,0.0,0.10867691686410887,0.0,0.0,-57.09642771781017,0.0,0.0
428,Rasal1,0.0,0.0,0.0,0.0,0.0,0.0,-4.9867756603802675,0.0,0.0,-6.832421881365903,0.0,0.0,0.0,0.0,0.0,0.0,0.0,0.0,-0.3721991987747315,0.0,0.0,-116.8842447976153,-22.437897452658547,0.0
429,Smcp,0.0,0.0,0.0,0.0,0.0,0.0,0.0,0.0,0.0,0.0,0.0,0.0,0.0,0.0,0.0,0.0,0.0,0.0,0.0,0.0,0.0,-2383.948250608912,-1195.1061540650055,-4270.346230968154
430,Ccdc116,0.0,0.0,0.0,0.0,0.0,0.0,0.0,0.0,0.0,-128.62162704502765,0.0,0.0,0.0,0.0,0.0,0.0,0.0,0.0,0.7600298308773806,0.0,0.0,-270.8115484209521,-32.90835863924353,853.7031629711685
431,Tex33,0.0,0.0,0.0,0.0,0.0,0.0,0.0,0.0,0.0,0.0,0.0,0.0,0.0,0.0,0.0,0.0,0.0,0.0,0.0,0.0,0.0,-3206.519349497017,0.0,0.0
432,Creb3l4,0.0,0.0,0.0,0.0,0.0,0.0,0.0,0.0,0.0,0.0,0.0,0.0,0.0,0.0,0.0,0.0,0.0,0.0,0.0,0.0,0.0,0.0,0.0,0.0
433,4930451I11Rik,0.0,0.0,0.0,0.0,0.0,0.0,0.0,0.0,0.0,0.0,0.0,0.0,0.0,0.0,0.0,0.0,0.0,0.0,0.0,0.0,0.0,0.0,0.0,0.0
434,Ncan,0.0,0.0,0.0,0.0,0.0,0.0,0.0,0.0,0.0,0.0,0.0,0.0,0.0,0.0,0.0,0.0,0.0,0.0,0.0,0.0,0.0,0.0,0.0,0.0
435,Fam221b,0.0,0.0,0.0,0.0,0.0,0.0,0.0,0.0,0.0,0.0,0.0,0.0,0.0,-185.18066811018008,0.0,-96.85346147312615,0.0,-173.8337466821841,-0.5218032916612536,0.0,0.0,0.0,-25.61357232237885,-739.5522752928813
436,Kcnc1,0.0,0.0,0.0,0.0,0.0,0.0,0.0,0.0,0.0,0.0,0.0,0.0,0.0,0.0,0.0,0.0,0.0,0.0,0.0,0.0,0.0,0.0,0.0,0.0
437,Ccdc184,0.0,0.0,0.0,0.0,0.0,0.0,0.0,0.0,0.0,-36.15280132783961,0.0,0.0,0.0,0.0,0.0,0.0,0.0,0.0,0.0,0.0,0.0,0.0,43.42103871386111,0.0
438,Elane,0.0,0.0,0.0,0.0,0.0,0.0,0.0,0.0,0.0,0.0,0.0,0.0,0.0,0.0,0.0,0.0,0.0,0.0,0.12770149485752244,0.0,0.0,-52.06705997487402,-2.7340043794372737,0.0
439,1700001J03Rik,0.0,0.0,0.0,0.0,0.0,0.0,0.0,0.0,0.0,0.0,0.0,0.0,0.0,0.0,0.0,0.0,0.0,0.0,0.0,0.0,0.0,0.0,0.0,0.0
440,Pip5kl1,0.0,0.0,0.0,0.0,0.0,0.0,0.0,0.0,0.0,21.581649466048344,0.0,0.0,0.0,0.0,0.0,0.0,0.0,0.0,0.0,0.0,0.0,0.0,14.244453192116204,0.0
441,Nr1h3,0.0,0.0,0.0,0.0,0.0,0.0,0.0,0.0,0.0,0.0,0.0,0.0,0.0,0.0,0.0,0.0,0.0,0.0,0.0,0.0,0.0,0.0,0.0,0.0
442,Syt3,0.0,0.0,0.0,0.0,0.0,0.0,1.0409631836390525,0.0,0.0,-0.2206827834918844,0.0,0.0,0.0,0.0,0.0,0.0,0.0,0.0,0.21793703772690332,0.0,0.0,0.0,-2.8409540003343348,0.0
443,Atxn10,0.0,0.0,0.0,0.0,0.0,0.0,0.0,0.0,0.0,0.0,0.0,0.0,0.0,0.0,0.0,0.0,0.0,0.0,0.0,0.0,0.0,0.0,-67.35392518336064,0.0
444,Fam222a,0.0,0.0,0.0,0.0,0.0,0.0,0.0,0.0,0.0,0.0,0.0,0.0,0.0,0.0,0.0,0.0,0.0,0.0,0.0,0.0,0.0,-12.71160620691152,2.865649143162155,0.0
445,Zfp541,0.0,0.0,0.0,0.0,17.097540525236326,0.0,-2.4681587139187213,0.0,0.0,-20.719001511196954,0.0,0.0,0.0,-28.697125659512125,0.0,14.32085990890912,0.7848130682020112,11.207994653779503,0.18843407131618062,0.0,-5.013821054678043,-35.298120569282254,-13.290536920618942,222.2099696426941
446,Ndufa4l2,0.0,0.0,0.0,0.0,0.0,0.0,0.0,0.0,0.0,0.0,0.0,0.0,0.0,0.0,0.0,0.0,0.0,0.0,0.0,0.0,0.0,0.0,0.0,0.0
447,Prss42,0.0,0.0,0.0,0.0,0.0,0.0,0.0,0.0,0.0,0.0,0.0,0.0,0.0,0.0,0.0,0.0,0.0,0.0,-0.040936221011244125,0.0,0.0,0.0,0.0,0.0
448,Prss48,0.0,0.0,0.0,0.0,0.0,0.0,-0.1480512797518462,0.0,0.0,0.0,0.0,0.0,0.0,0.0,0.0,38.45549322592837,0.0,36.456508377035334,-0.13159266825768348,0.0,-1.807924143561945,-18.817243875551544,-13.928800534896945,-59.76762021187873
449,1700003E16Rik,0.0,0.0,0.0,0.0,0.0,0.0,0.0,0.0,0.0,0.0,0.0,0.0,0.0,0.0,0.0,0.0,0.0,0.0,0.0,0.0,0.0,0.0,0.0,0.0
450,Klf4,0.0,0.0,0.0,0.0,0.0,0.0,0.0,0.0,0.0,0.0,0.0,0.0,0.0,0.0,0.0,0.0,0.0,0.0,0.0,0.0,0.0,0.0,0.0,0.0
451,Art1,0.0,0.0,0.0,0.0,0.0,0.0,0.0,0.0,0.0,0.0,0.0,0.0,0.0,0.0,0.0,0.0,0.0,0.0,0.2318756641615276,0.0,0.0,0.0,0.0,0.0
452,Sez6,0.0,0.0,0.0,0.0,0.0,0.0,0.0,0.0,0.0,0.0,0.0,0.0,0.0,0.0,0.0,0.0,0.0,0.0,0.0,0.0,0.0,0.0,0.0,0.0
453,Hils1,0.0,0.0,0.0,0.0,0.0,0.0,-156.41811067462294,0.0,0.0,0.0,0.0,0.0,0.0,-2661.7960064048575,0.0,0.0,-27.975104948057368,-675.4067557157848,5.6395915330640385,0.0,-268.3725446954889,-9280.568106364499,0.0,0.0
454,Prss39,0.0,0.0,0.0,0.0,0.0,0.0,0.0,0.0,0.0,-191.04284787824824,28.587448587580628,0.0,0.0,0.0,0.0,94.35485243372337,0.0,-35.827949543318105,-1.260811742309174,0.0,0.0,-551.6264722664954,-23.705918165720245,-582.0120267633281
455,Vax2,0.0,0.0,0.0,0.0,0.0,0.0,0.0,0.0,0.0,0.0,0.0,0.0,0.0,0.0,0.0,0.0,0.0,0.0,0.0,0.0,0.0,0.0,0.44180512290449275,0.0
456,BC048562,0.0,0.0,0.0,0.0,0.0,0.0,0.0,0.0,0.0,0.0,0.0,0.0,0.0,-503.788212604707,0.0,0.0,0.0,0.0,2.0497155692897726,0.0,0.0,-3443.8521206280325,-124.38796663176439,0.0
457,Usp2,0.0,0.0,0.0,0.0,0.0,0.0,0.0,0.0,0.0,0.0,0.0,0.0,0.0,0.0,0.0,0.0,0.0,0.0,0.0,0.0,0.0,-113.50715537255324,-124.66481950306358,0.0
458,1700034I23Rik,0.0,0.0,0.0,0.0,0.0,0.0,0.0,0.0,0.0,0.0,0.0,0.0,0.0,0.0,0.0,0.0,0.0,0.0,0.0,0.0,0.0,0.0,0.0,0.0
459,Tuba3b,0.0,0.0,0.0,0.0,0.0,0.0,134.196897919436,0.0,0.0,-73.28722516268886,0.0,0.0,0.0,-603.0737113975885,0.0,150.16168117610258,-338.89278073486213,133.38855115002232,13.956625589563362,-139.04281806811804,0.0,-1006.6039892776733,-165.56676634256908,-1415.3308497040282
460,Dnah7a,0.0,0.0,0.0,0.0,0.0,0.0,0.0,0.0,0.0,0.0,0.0,0.0,0.0,0.0,0.0,0.0,0.0,0.0,0.0,0.0,0.0,0.0,0.0,0.0
461,Cacnb1,0.0,0.0,0.0,0.0,0.0,0.0,0.0,0.0,0.0,0.0,0.0,0.0,0.0,0.0,0.0,0.0,0.0,0.0,0.0,0.0,0.0,0.0,1.0150006943866121,0.0
462,Dpy19l2,0.0,0.0,0.0,0.0,0.0,0.0,0.0,0.0,0.0,-2.176734622489125,0.0,0.0,0.0,0.0,0.0,0.0,0.0,0.0,-0.11157211732624381,-0.3384367373692972,0.0,-48.39240049104521,-12.92895621998278,0.0
463,BC049715,0.0,0.0,0.0,0.0,0.0,0.0,-2.318416509202509,0.0,0.0,0.0,0.0,0.0,0.0,258.73783486087564,0.0,0.0,0.0,-157.0614465285145,0.46777876461156814,0.0,0.0,0.0,-20.443947572361868,0.0
464,Daw1,0.0,0.0,0.0,0.0,0.0,0.0,0.0,0.0,0.0,5.668651288432121,0.0,0.0,0.0,0.0,0.0,0.0,0.0,0.0,0.0,0.0,0.0,-25.174382711300403,-34.21690496153043,0.0
465,Fbxo44,0.0,0.0,0.0,0.0,0.0,0.0,0.0,0.0,0.0,16.631448653500495,0.0,0.0,0.0,0.0,0.0,0.0,0.0,0.0,0.0,0.0,0.0,0.0,-2.5138655987900105,0.0
466,Atp1a4,0.0,0.0,0.0,0.0,0.0,0.0,0.0,0.0,0.0,0.0,0.0,0.0,0.0,0.0,0.0,0.0,0.0,0.0,0.10363628515723619,0.0,0.0,0.0,-44.44888272590491,0.0
467,Gm884,0.0,0.0,0.0,0.0,0.0,0.0,0.0,0.0,0.0,0.0,0.0,0.0,0.0,0.0,0.0,0.0,0.0,0.0,0.0,0.0,0.0,-142.95716391896735,0.0,0.0
468,Tpgs1,0.0,0.0,0.0,0.0,0.0,0.0,0.0,0.0,0.0,0.0,0.0,0.0,0.0,0.0,0.0,0.0,0.0,0.0,4.710804345622201,0.0,0.0,0.0,-7.829369163746538,0.0
469,Necab2,0.0,0.0,0.0,0.0,0.0,0.0,0.0,0.0,0.0,11.750710200329223,0.0,0.0,0.0,0.0,0.0,0.0,0.0,0.0,-0.05563833172739346,0.0,0.0,-14.024059707883636,-8.923938891737382,0.0
470,Gm9,0.0,0.0,0.0,0.0,0.0,0.0,0.0,0.0,0.0,0.0,0.0,-226.49169312678143,0.0,0.0,0.0,0.0,0.0,97.04524123148867,0.05969723326289847,0.0,0.0,0.0,-37.92101631455533,0.0
471,Tmod2,0.0,0.0,0.0,0.0,0.0,0.0,0.0,0.0,0.0,0.0,0.0,0.0,0.0,0.0,0.0,0.0,0.0,0.0,0.0,0.0,0.0,0.0,-6.938936943785097,0.0
472,2810408A11Rik,0.0,0.0,0.0,0.0,0.0,0.0,0.0,0.0,0.0,0.0,0.0,0.0,0.0,0.0,0.0,0.0,0.0,0.0,0.0,0.0,0.0,0.0,0.0,0.0
473,Sost,0.0,0.0,0.0,0.0,0.0,0.0,0.0,0.0,0.0,0.0,0.0,0.0,0.0,0.0,0.0,19.11915823483047,0.0,15.219693939343257,-0.046588610269856924,0.0,0.0,0.0,0.0,0.0
474,Stox2,0.0,0.0,0.0,0.0,0.0,0.0,0.0,0.0,0.0,0.0,0.0,0.0,0.0,0.0,0.0,0.0,0.0,0.0,0.0,0.0,0.0,0.0,0.0,0.0
475,Clhc1,0.0,0.0,0.0,0.0,0.0,0.0,0.0,0.0,0.0,0.0,0.0,0.0,0.0,0.0,0.0,0.0,0.0,0.0,0.0,0.0,0.0,-38.201221336932804,0.0,0.0
476,Ankrd61,0.0,0.0,0.0,0.0,0.0,0.0,0.0,0.0,0.0,0.0,0.0,0.0,0.0,0.0,0.0,0.0,0.0,0.0,-0.007199078930718052,0.0,0.0,-135.9866786146475,0.0,0.0
477,Spaca4,0.0,-23.654772298000896,0.0,-499.3336747184475,0.0,0.0,-13.755096291555356,0.0,0.0,-1275.1820629769018,-193.74418314440229,-1441.747019402877,-239.756821164512,-2032.5711690183596,-217.16241666969506,-536.1194892464919,409.27604587560876,-164.7875691287697,1.4375168909466054,-132.09283365230561,-15.529088347001256,-245.34822249201105,-458.08314815030906,-4169.5830341673145
478,1700010I14Rik,0.0,0.0,0.0,0.0,0.0,0.0,0.0,0.0,0.0,0.0,0.0,0.0,0.0,0.0,0.0,0.0,0.0,0.0,0.0,0.0,0.0,0.0,0.0,0.0
479,Mycbpap,0.0,0.0,0.0,0.0,0.0,0.0,0.0,0.0,0.0,-20.196559360537645,6.947181731694411,0.0,0.0,-163.74891703794697,0.0,-15.380130199828399,-5.900639028346045,-39.93257220519255,0.18983756093577286,0.0,-30.87435344584097,-77.53178113657852,152.92168608978375,-115.00877635185442
480,Kctd16,0.0,0.0,0.0,0.0,0.0,0.0,0.0,0.0,0.0,-16.27253039180848,0.0,0.0,0.0,0.0,0.0,0.0,0.0,0.0,0.0,0.0,0.0,0.0,67.40038320482928,0.0
481,Nkx6-1,0.0,0.0,0.0,0.0,0.0,0.0,0.0,0.0,0.0,0.0,0.0,0.0,0.0,0.0,0.0,0.0,0.0,0.0,0.0,0.0,0.0,0.0,0.0,0.0
482,Gsg1,0.0,0.0,0.0,0.0,0.0,0.0,0.0,0.0,0.0,0.0,0.0,2925.32046784623,0.0,-320.6854848152503,0.0,-198.01929018125244,-109.2932479849286,-34.83244496225027,0.0,0.0,-242.04169002263356,-299.0315155333358,-753.310574844117,-2481.8109382502034
483,Nsun7,0.0,0.0,0.0,0.0,0.0,0.0,0.0,0.0,0.0,0.0,0.0,0.0,0.0,0.0,0.0,0.0,0.0,0.0,0.03869310495996711,0.0,0.0,61.43806332958368,-8.9115933313175,0.0
484,Ccdc172,0.0,0.0,0.0,0.0,0.0,0.0,0.0,0.0,0.0,0.0,0.0,0.0,0.0,-117.48492233740258,0.0,0.0,0.0,0.0,0.3853673329654381,0.0,0.0,0.0,0.0,0.0
485,Dnmt3l,0.0,0.0,0.0,0.0,0.0,0.0,0.0,0.0,0.0,0.0,0.0,0.0,0.0,0.0,0.0,0.0,0.0,0.0,0.014573975856808202,0.0,0.0,0.0,0.0,0.0
486,Tal2,0.0,0.0,0.0,0.0,0.0,0.0,0.0,0.0,0.0,0.0,0.0,0.0,0.0,0.0,0.0,0.0,0.0,0.0,0.0,0.0,0.0,0.0,0.0,0.0
487,Sgca,0.0,0.0,0.0,0.0,0.0,0.0,0.0,0.0,0.0,0.0,0.0,0.0,0.0,0.0,0.0,0.0,0.0,0.0,0.023089739925884967,0.0,0.0,0.0,-52.22341813386645,0.0
488,Taf7l,0.0,0.0,0.0,0.0,0.0,0.0,0.0,0.0,0.0,0.0,0.0,0.0,0.0,0.0,0.0,0.0,0.0,0.0,0.004300318805369136,0.0,0.0,0.0,0.0,0.0
489,Egr4,0.0,0.0,0.0,0.0,0.0,0.0,0.0,0.0,0.0,0.0,0.0,0.0,0.0,0.0,0.0,0.0,0.0,0.0,0.0,0.0,0.0,0.0,0.0,0.0
490,Prok2,0.0,0.0,0.0,0.0,0.0,0.0,0.7013310890160139,0.0,0.0,-17.10216595253248,0.0,0.0,0.0,-10.912215318336074,0.0,-20.335552737395943,0.0,0.0,0.023544707728458243,0.0,0.0,-47.304554526445315,0.2576162942966832,0.0
491,Fyb,0.0,0.0,0.0,0.0,0.0,0.0,0.0,0.0,0.0,0.0,0.0,0.0,0.0,0.0,0.0,0.0,0.0,0.0,0.15108128176103777,0.0,0.0,0.0,0.0,0.0
492,Tmem247,0.0,0.0,0.0,0.0,0.0,0.0,0.0,0.0,0.0,0.0,0.0,-1893.6986660660934,0.0,0.0,0.0,0.0,0.0,0.0,-0.0006832444702493628,0.0,0.0,-12.459789501644204,-533.1779487110246,-4294.442338635051
493,Mael,0.0,-107.86682295869612,197.31288127250025,0.0,-997.7556070820701,0.0,0.8514676471875877,-47.922850772722406,-441.7676715548774,-3.577044379266907,-212.69412780213813,-1399.4683245465203,-370.3729472802394,-598.5293513145828,-231.31674227077573,-433.84401516222465,-76.73919346978084,-223.30404326809096,-1.7909768924874985,-90.08373374307862,43.67828861829227,0.0,-167.9627611218737,-1163.3092840256315
494,1700030J22Rik,0.0,0.0,0.0,0.0,0.0,0.0,0.0,0.0,0.0,0.0,0.0,0.0,0.0,0.0,0.0,0.0,0.0,0.0,0.0,0.0,0.0,0.0,0.0,0.0
495,Slc25a41,0.0,0.0,0.0,0.0,0.0,0.0,0.0,0.0,0.0,0.0,0.0,0.0,0.0,0.0,0.0,-19.153766769225385,0.0,7.963582882287691,-14.21336368978525,0.0,-107.93860197947055,-662.9974248458251,6.463970964440736,0.0
496,Tcfl5,0.0,0.0,0.0,0.0,0.0,0.0,-1.8970603917174511,0.0,0.0,0.0,7.076752372828603,-5.436707796173785,0.0,-20.547303273515187,0.0,12.531243142824207,-0.004654984345882814,1.7834116280868935,0.022970524291867453,0.0,-9.601641459608476,-43.21354982643982,0.0,0.0
497,Fam131a,0.0,0.0,0.0,0.0,0.0,0.0,0.0,0.0,0.0,0.0,0.0,0.0,0.0,0.0,0.0,0.0,0.0,0.0,0.0,0.0,0.0,-63.27089660510194,0.0,0.0
498,Gimap3,0.0,0.6241539580756126,0.0,0.0,-66.55783803584997,0.0,-0.6189086030825875,0.0,0.0,0.0,-9.105587576707764,-37.88041342298837,0.0,18.591530953733916,0.0,-40.79297714464079,16.089074795905233,-24.486418384834167,0.30337057584810867,0.0,2.2819248896684186,-25.776731507026383,-0.6013007231481946,-14.744420521631117
499,Odf3l1,0.0,-240.44734041806802,0.0,-463.01121622163896,0.0,0.0,16.697440385576886,0.0,0.0,-115.89114867765417,8.102117460372616,-208.23104781055818,0.0,-693.6481545899971,0.0,161.46578102728077,-174.82305489912287,-19.254643337260497,14.405145142595428,0.0,30.802606162871072,-541.624179881641,-160.72290001264216,-597.4413743070335
500,Rasl2-9,0.0,0.0,0.0,0.0,0.0,0.0,0.0,0.0,0.0,0.0,0.0,0.0,0.0,0.0,0.0,0.0,0.0,0.0,0.0,0.0,0.0,0.0,0.0,0.0
501,Pnoc,0.0,0.0,0.0,0.0,0.0,0.0,0.0,0.0,0.0,0.0,0.0,0.0,0.0,0.0,0.0,0.0,0.0,0.0,0.0,0.0,0.0,0.0,-5.485466498240817,0.0
502,Fam92b,0.0,0.0,0.0,0.0,0.0,0.0,0.0,0.0,0.0,0.0,0.0,0.0,0.0,0.0,0.0,-24.88726522668973,0.0,0.0,0.15582665393055561,0.0,0.0,-282.4226395312601,-0.7703936327812261,0.0
503,1700018B08Rik,0.0,0.0,0.0,0.0,0.0,0.0,0.0,0.0,0.0,0.0,0.0,0.0,0.0,0.0,0.0,0.0,0.0,0.0,0.0,0.0,0.0,0.0,0.0,0.0
504,Ube2d2b,0.0,0.0,0.0,0.0,-43.353710774855635,0.0,0.0,0.0,0.0,0.0,0.0,0.0,0.0,0.0,0.0,-1.2367269750289778,-18.017724996468583,0.0,-0.11033569492194364,-68.75525227403082,0.0,-1862.5855467017327,-122.83241539837154,-106.12454521000802
505,Zfp42,0.0,0.0,0.0,0.0,0.0,0.0,0.0,0.0,0.0,0.0,0.0,0.0,0.0,0.0,0.0,0.0,0.0,0.0,0.0,0.0,0.0,0.0,0.0,0.0
506,Nr2c1,0.0,0.0,0.0,0.0,0.0,0.0,0.0,0.0,0.0,0.0,0.0,0.0,0.0,0.0,0.0,0.0,0.0,0.0,0.0,0.0,0.0,0.0,0.0,0.0
507,Myl10,0.0,-88.06607954622012,0.0,0.0,-269.7087247784116,0.0,6.8345415837179875,0.0,0.0,0.0,-65.91019887506789,-2.942797741848724,0.0,-63.35615307572656,0.0,-137.89443056798854,-0.012901616662394871,-24.48807359231815,-0.0076157125780076515,0.0,62.721719836566216,-327.63254431601115,0.0,-558.4851317088257
508,Chn1,0.0,0.0,0.0,0.0,0.0,0.0,0.0,0.0,0.0,0.0,0.0,0.0,0.0,0.0,0.0,0.0,0.0,0.0,-0.18725397377885797,0.0,0.0,0.0,0.0,0.0
509,Trim69,0.0,0.0,0.0,0.0,0.0,0.0,0.0,0.0,0.0,0.0,0.0,0.0,0.0,0.0,0.0,0.0,0.0,0.0,-1.255177906004855,0.0,0.0,1494.0010571647563,0.0,0.0
510,Tmem225,0.0,0.0,0.0,0.0,0.0,0.0,0.0,0.0,0.0,0.0,0.0,0.0,0.0,0.0,0.0,-33.09669235144496,0.0,0.0,0.0,0.0,0.0,-1494.538375034061,-192.1739078957055,-335.61131610008744
511,Pnma2,0.0,0.0,0.0,0.0,0.0,0.0,0.0,0.0,0.0,0.0,0.0,0.0,0.0,0.0,0.0,0.0,0.0,0.0,0.0,0.0,0.0,0.0,0.0,0.0
512,AU018091,0.0,0.0,0.0,0.0,0.0,0.0,0.0,0.0,0.0,0.0,0.0,0.0,0.0,0.0,0.0,0.0,0.0,0.0,0.0,0.0,0.0,0.0,0.0,0.0
513,Mak,0.0,0.0,0.0,0.0,0.0,0.0,0.0,0.0,0.0,0.0,0.0,0.0,0.0,0.0,0.0,0.0,0.0,0.0,0.0,0.0,0.0,0.0,-21.58035445416365,0.0
514,Hdac2,0.0,0.0,0.0,0.0,0.0,0.0,0.0,0.0,0.0,0.0,0.0,0.0,0.0,0.0,0.0,0.0,0.0,0.0,0.0,0.0,0.0,0.0,0.0,0.0
515,Adad1,0.0,0.0,0.0,0.0,0.0,0.0,0.0,0.0,0.0,0.0,0.0,0.0,0.0,-75.94033571393467,0.0,0.0,0.0,0.0,3.9238036941088175,0.0,34.499260962238566,-108.35547061404112,-21.62948419137493,0.0
516,Gm13547,0.0,0.0,0.0,0.0,0.0,0.0,0.0,0.0,0.0,0.0,0.0,0.0,0.0,0.0,0.0,0.0,0.0,0.0,0.0,0.0,0.0,0.0,-128.66345372446915,0.0
517,Acr,0.0,0.0,0.0,0.0,0.0,0.0,-2.628047563618942,0.0,0.0,-21.651498341822464,0.0,0.0,0.0,0.0,0.0,43.45916270075396,-102.9217880267893,0.0,-0.9613922061884208,0.0,0.0,-383.72041944440326,78.99410923371252,-850.171946883557
518,Tmem63c,0.0,0.0,0.0,0.0,0.0,0.0,0.0,0.0,0.0,0.0,0.0,0.0,0.0,0.0,0.0,0.0,0.0,0.0,0.0,0.0,0.0,0.0,0.0,0.0
519,Fzr1,0.0,0.0,0.0,0.0,0.0,0.0,0.0,0.0,0.0,0.0,0.0,0.0,0.0,0.0,0.0,0.0,0.0,0.0,0.0,0.0,0.0,-58.18453544804443,0.0,0.0
520,Atp6v1e2,0.0,0.0,0.0,0.0,0.0,0.0,0.0,0.0,0.0,0.0,0.0,0.0,0.0,0.0,0.0,0.0,0.0,0.0,0.0,0.0,0.0,1265.7295914442343,0.0,-1774.8509386125274
521,Srgn,0.0,0.0,0.0,0.0,0.0,0.0,0.0,0.0,0.0,0.0,0.0,0.0,0.0,0.0,0.0,0.0,0.0,0.0,0.0,0.0,0.0,0.0,0.0,0.0
522,Prss21,0.0,0.0,0.0,0.0,0.0,0.0,0.0,0.0,0.0,0.0,0.0,0.0,0.0,0.0,0.0,0.0,0.0,0.0,1.7561149752398066,0.0,0.0,0.0,0.0,0.0
523,Efcab9,0.0,0.0,0.0,0.0,0.0,0.0,229.26972546504274,0.0,0.0,-156.7353840627512,0.0,0.0,0.0,-1498.2071625374003,0.0,31.094940708673416,-509.0323862432383,-168.8143681512016,37.00744541818459,0.0,0.0,0.0,-218.0818950698116,0.0
524,Slc9a5,0.0,0.0,0.0,0.0,0.0,0.0,0.0,0.0,0.0,0.0,0.0,0.0,0.0,0.0,0.0,0.0,0.0,0.0,0.10203786352326845,0.0,0.0,0.0,0.0,0.0
525,Rpl39l,0.0,0.0,0.0,0.0,0.0,0.0,0.0,0.0,0.0,0.0,0.0,0.0,0.0,-236.2829563192751,0.0,-0.00013763451740241177,-89.40976862584566,-236.73658426420258,-0.026733948264386156,0.0,0.0,-2013.4070915673997,0.0,0.0
526,Kdf1,0.0,0.0,0.0,0.0,0.0,0.0,0.0,0.0,0.0,0.0,0.0,0.0,0.0,0.0,0.0,0.0,0.0,0.0,0.0,0.0,0.0,0.0,0.0,0.0
527,Lrriq4,0.0,0.0,0.0,0.0,0.0,0.0,0.0,0.0,0.0,-54.36740314795428,0.0,0.0,0.0,0.0,0.0,0.0,0.0,0.0,0.20946430892936602,-6.893965717674326,0.0,-1.320751350760648,-26.89171686121756,-79.88609356257143
528,1700001P01Rik,0.0,0.0,0.0,0.0,0.0,0.0,0.0,0.0,0.0,0.0,0.0,0.0,0.0,0.0,0.0,0.0,0.0,0.0,0.0,0.0,0.0,0.0,0.0,0.0
529,Trim46,0.0,0.0,0.0,0.0,0.0,0.0,0.0,0.0,0.0,0.0,0.0,0.0,0.0,0.0,0.0,0.0,0.0,0.0,0.0,0.0,0.0,0.0,-3.511045118436609,0.0
530,A930018P22Rik,0.0,0.0,0.0,0.0,0.0,0.0,0.0,0.0,0.0,0.0,0.0,0.0,0.0,0.0,0.0,0.0,0.0,0.0,-0.5552537771356885,0.0,0.0,-229.34247887981502,0.0,0.0
531,Fscn2,0.0,0.0,0.0,0.0,0.0,0.0,0.0,0.0,0.0,0.5250723226536995,0.0,0.0,0.0,0.0,0.0,0.0,0.0,0.0,0.09866906627054962,0.0,0.0,72.31989472214374,1.3409039789461628,0.0
532,Dnajb3,0.0,0.0,0.0,0.0,0.0,0.0,0.0,0.0,0.0,0.0,0.0,-192.32904610936225,0.0,-2238.1956676604095,0.0,0.0,0.0,0.0,1.711277816083407,0.0,-56.86381597152856,-657.0890294846241,-397.94532463890783,-2232.1864755733445
533,Agbl4,0.0,0.0,0.0,0.0,0.0,0.0,0.0,0.0,0.0,0.0,0.0,0.0,0.0,-7.520265238474038,0.0,0.0,0.0,0.0,0.09602556553478575,0.0,0.0,0.0,-2.0397684148191355,0.0
534,3110070M22Rik,0.0,0.0,0.0,0.0,0.0,0.0,0.0,0.0,0.0,0.0,0.0,0.0,0.0,0.0,0.0,0.0,0.0,0.0,0.0,0.0,0.0,0.0,0.0,0.0
535,Bbs2,0.0,0.0,0.0,0.0,0.0,0.0,0.0,0.0,0.0,0.0,0.0,0.0,0.0,0.0,0.0,0.0,0.0,0.0,0.0,0.0,0.0,0.0,-0.8378239416836961,0.0
536,Odf1,0.0,0.0,0.0,0.0,0.0,0.0,0.0,0.0,0.0,0.0,0.0,0.0,0.0,0.0,0.0,0.0,148.32485136226134,0.0,0.0,0.0,0.0,0.0,0.0,0.0
537,Ccdc103,0.0,0.0,0.0,0.0,0.0,0.0,0.0,0.0,0.0,0.0,0.0,0.0,0.0,0.0,0.0,0.0,0.0,0.0,0.37433754221955146,0.0,0.0,0.0,0.0,0.0
538,Cldn3,0.0,0.0,0.0,0.0,0.0,0.0,0.0,0.0,0.0,0.0,0.0,0.0,0.0,-21.913581399398165,0.0,0.0,0.0,0.0,0.2360240251717669,0.0,0.0,0.0,0.0,0.0
539,Spaca1,0.0,0.0,0.0,0.0,0.0,0.0,0.0,0.0,0.0,0.0,0.0,-490.2350162055751,0.0,-1147.3682429061118,0.0,0.0,0.0,-40.51893016543886,-2.81805766777505,0.0,-37.06511822699905,-2061.7661049581848,-424.3460814031358,-1345.2159986847414
540,4930544D05Rik,0.0,0.0,0.0,0.0,0.0,0.0,0.0,0.0,0.0,0.0,0.0,0.0,0.0,0.0,0.0,0.0,0.0,0.0,0.0,0.0,0.0,0.0,0.0,0.0
541,Pdha2,0.0,0.0,0.0,-170.3543606964919,0.0,0.0,0.0,0.0,0.0,0.0,0.0,-726.4855595861721,0.0,-252.3310439637282,0.0,0.0,0.0,0.0,0.48684398792867406,0.0,0.0,0.0,0.0,0.0
542,Dll3,0.0,0.0,0.0,0.0,0.0,0.0,5.052063922959971,0.0,0.0,-26.738075125350626,0.0,0.0,0.0,0.0,0.0,0.0,0.0,0.0,0.07085730449005681,0.0,0.0,-142.8352831132525,-32.653580873277754,0.0
543,Dmrt1,0.0,0.0,0.0,0.0,0.0,0.0,0.0,0.0,0.0,0.0,0.0,0.0,0.0,0.0,0.0,0.0,0.0,0.0,-0.07404325474375807,0.0,-2.3172917490246947,-13.241813043110916,1.011739849039066,0.0
544,Fam71b,0.0,0.0,0.0,0.0,0.0,0.0,-7.571285996531901,0.0,0.0,0.0,0.0,0.0,0.0,-41.610516770801645,0.0,17.056423140048988,-4.371285161677015,0.0,0.1271268094507109,0.0,0.0,-68.0172030678692,0.0,0.0
545,Npas2,0.0,0.0,0.0,0.0,0.0,0.0,0.0,0.0,0.0,0.0,0.0,0.0,0.0,0.0,0.0,0.0,0.0,0.0,0.0,0.0,0.0,0.0,0.0,0.0
546,Cmtm2b,0.0,0.0,0.0,0.0,0.0,0.0,0.0,0.0,0.0,0.0,0.0,0.0,0.0,0.0,0.0,0.0,0.0,0.0,-3.976990856326311,0.0,0.0,0.0,0.0,0.0
547,Actl7a,0.0,0.0,0.0,0.0,0.0,0.0,0.0,0.0,0.0,0.0,0.0,0.0,0.0,0.0,0.0,0.0,0.0,0.0,0.0,0.0,0.0,0.0,-267.04196613191345,2163.5606589948684
548,Fkbp6,0.0,0.0,0.0,0.0,0.0,0.0,0.0,0.0,0.0,0.0,0.0,0.0,0.0,0.0,0.0,0.0,0.0,0.0,0.0969621179875559,0.0,0.0,0.0,0.0,0.0
549,Pnmal2,0.0,0.0,0.0,0.0,0.0,0.0,0.0,0.0,0.0,0.0,0.0,0.0,0.0,0.0,0.0,0.0,0.0,0.0,0.20073774377769876,0.0,0.0,-32.67075375920216,-4.5290821473443,-214.23147158478682
550,Zfp936,0.0,0.0,0.0,0.0,0.0,0.0,0.0,0.0,0.0,0.0,0.0,0.0,0.0,0.0,0.0,0.0,0.0,0.0,0.0,0.0,0.0,0.0,0.0,0.0
551,Dmrtb1,0.0,-215.24712265486673,0.0,0.0,0.0,0.0,29.31899409003151,0.0,0.0,-118.88919957370899,-50.54813830425346,-865.5425152078768,0.0,-35.13753036323666,0.0,-45.341995895124796,-4.1249373257649955,-99.05503128643815,11.08404385613938,0.0,55.21682766004245,-1011.4338584762883,-168.22124255197414,-207.4179149653304
552,Stk33,0.0,0.0,0.0,0.0,0.0,0.0,-0.0008015359136866235,0.0,0.0,-8.528688139842671,0.0,0.0,0.0,0.0,0.0,-225.10189887865204,0.0,0.0,0.5128021843183106,4.459245235286836,0.0,-319.7566878108925,-12.763104438583253,-298.2497237554672
553,Tuba3a,0.0,0.0,0.0,0.0,0.0,0.0,28.834897391228672,0.0,0.0,-389.93386031883455,-386.4321388049201,-3648.874240995821,-634.2054426383833,-374.6529149188519,0.0,-851.2159582476866,-7.4201521179226475,0.0,-2.59445773414051,0.0,148.91855370758316,-417.6763515398745,20.316115302140584,-1682.0863510452523
554,Itgae,0.0,0.0,0.0,0.0,0.0,0.0,0.0,0.0,0.0,0.0,0.0,0.0,0.0,0.0,0.0,0.0,0.0,0.0,-0.25027067475637677,0.0,0.0,140.40136175413133,0.0,-142.16431898295318
555,Slfnl1,0.0,0.0,0.0,0.0,0.0,0.0,0.0,0.0,0.0,0.0,0.0,0.0,0.0,0.0,0.0,0.0,0.0,0.0,0.0,0.0,0.0,816.8431911290307,0.0,0.0
556,Card10,0.0,0.0,0.0,0.0,0.0,0.0,0.0,0.0,0.0,0.0,0.0,0.0,0.0,0.0,0.0,0.0,0.0,0.0,0.0,0.0,0.0,0.0,0.0,0.0
557,Tbp,0.0,0.0,0.0,0.0,0.0,0.0,0.0,0.0,0.0,0.0,0.0,0.0,0.0,0.0,0.0,0.0,0.0,0.0,0.0,0.0,0.0,0.0,0.0,0.0
558,Dnaaf1,0.0,0.0,0.0,0.0,0.0,0.0,0.0,0.0,0.0,0.0,0.0,0.0,0.0,0.0,0.0,-32.31457336076687,0.0,0.0,0.5492419196188254,0.0,0.0,0.0,0.0,0.0
559,Tekt3,0.0,0.0,0.0,0.0,0.0,0.0,0.0,0.0,0.0,-198.9961851906436,0.0,0.0,0.0,-99.78990202314309,0.0,-141.31783119496535,0.0,0.0,0.9615587432082067,0.0,0.0,-534.6216702692591,-102.25826932422648,403.58336962866224
560,1700022I11Rik,0.0,0.0,0.0,0.0,0.0,0.0,0.0,0.0,0.0,0.0,0.0,0.0,0.0,0.0,0.0,0.0,0.0,0.0,0.0,0.0,0.0,0.0,0.0,0.0
561,Pdcl2,0.0,0.0,0.0,0.0,0.0,0.0,25.965056950834995,0.0,0.0,0.0,0.0,0.0,0.0,0.0,0.0,-177.48605103011278,-445.3944669238684,-250.2571184517479,2.39188324693031,-365.36679040338726,0.0,-573.0004287575904,-703.3625571419129,0.0
562,Klk1b27,0.0,0.0,0.0,0.0,0.0,0.0,0.0,0.0,0.0,0.0,0.0,0.0,0.0,0.0,0.0,0.0,0.0,0.0,0.0,0.0,0.0,0.0,0.0,0.0
563,Tdrd9,0.0,0.0,0.0,0.0,0.0,0.0,0.0,0.0,0.0,0.0,0.0,0.0,0.0,0.0,0.0,0.0,0.0,0.0,0.0,0.0,0.0,0.0,0.0,0.0
564,C1qtnf4,0.0,0.0,0.0,0.0,0.0,0.0,0.0,0.0,0.0,0.0,0.0,0.0,0.0,0.0,0.0,0.0,0.0,0.0,-3.5948965619870004,0.0,0.0,0.0,0.0,0.0
565,Ubxn10,0.0,0.0,0.0,0.0,0.0,0.0,0.0,0.0,0.0,-7.393485138555328,0.0,0.0,0.0,0.0,0.0,0.0,0.0,0.0,1.581710137728718,0.0,2.4520366190317398,-47.43965045632881,18.827851506489353,0.0
566,1700102P08Rik,0.0,0.0,0.0,0.0,0.0,0.0,0.0,0.0,0.0,0.0,0.0,0.0,0.0,0.0,0.0,0.0,0.0,0.0,0.0,0.0,0.0,0.0,0.0,0.0
567,Tdrd1,0.0,0.0,0.0,0.0,0.0,0.0,0.0,0.0,0.0,0.0,0.0,0.0,0.0,0.0,0.0,10.822619092125265,-17.56288931573076,0.0,-0.09100674758615993,0.0,0.0,-17.763936415387022,-0.6408184393102639,0.0
568,Pcdha2,0.0,0.0,0.0,0.0,0.0,0.0,0.0,0.0,0.0,0.0,0.0,0.0,0.0,0.0,0.0,0.0,0.0,0.0,-0.07317393692264988,0.0,0.0,0.0,0.0,0.0
569,Zic5,0.0,0.0,0.0,0.0,0.0,0.0,0.0,0.0,0.0,0.0,0.0,0.0,0.0,0.0,0.0,0.0,0.0,0.0,0.12831982330148145,0.0,0.0,0.0,-12.932757824389851,0.0
570,Celf5,0.0,0.0,0.0,0.0,0.0,0.0,0.0,0.0,0.0,0.0,0.0,0.0,0.0,0.0,0.0,0.0,0.0,0.0,0.0,0.0,0.0,0.0,0.0,0.0
571,Gm4922,0.0,0.0,0.0,0.0,0.0,0.0,0.0,0.0,0.0,0.0,0.0,-59.5528583225694,0.0,0.0,0.0,0.0,0.0,0.0,-0.7146919600022791,0.0,0.0,-52.66698336162185,-19.22857773862244,-94.33141316488022
572,Map4k1,0.0,0.0,0.0,0.0,0.0,0.0,0.0,0.0,0.0,0.0,0.0,0.0,0.0,0.0,0.0,0.0,0.0,0.0,0.01877668641770521,0.0,0.0,-106.36334535987869,0.0,0.0
573,Zdhhc25,0.0,0.0,0.0,0.0,0.0,0.0,0.0,0.0,0.0,0.0,0.0,0.0,0.0,-538.3148850341173,0.0,192.60140020546754,-122.69497939212917,99.5207384217738,0.04107792218968294,0.0,-45.29389407682575,-536.8738703934084,0.0,-352.7352932802439
574,Prss56,0.0,0.0,0.0,0.0,0.0,0.0,1.14265589420811,0.0,0.0,0.0,0.0,0.0,0.0,0.0,0.0,0.0,0.0,0.0,-0.10548456714720567,0.0,0.0,-30.937783457786303,0.0,0.0
575,Cmtm2a,0.0,0.0,0.0,0.0,0.0,0.0,-0.666747670576533,0.0,0.0,-615.1964497266566,0.0,0.0,0.0,-218.05457510867868,0.0,-108.93676836032164,-85.93018276852233,-16.96534518517067,19.644549053335954,0.0,66.08531684124944,0.0,-29.626624319193457,0.0
576,Jph3,0.0,0.0,0.0,0.0,0.0,0.0,0.0,0.0,0.0,0.0,0.0,0.0,0.0,0.0,0.0,0.0,0.0,0.0,0.0,0.0,0.0,0.0,0.0,0.0
577,Fbxo39,0.0,0.0,0.0,0.0,0.0,0.0,0.0,0.0,0.0,0.0,0.0,0.0,0.0,0.0,0.0,0.0,0.0,0.0,0.0,0.0,0.0,-193.70491712244828,0.0,0.0
578,Dynll1,0.0,0.0,0.0,0.0,0.0,0.0,0.0,0.0,0.0,0.0,0.0,0.0,0.0,0.0,0.0,0.0,0.0,0.0,0.0,0.0,0.0,-1384.927562017386,0.0,0.0
579,4930524B15Rik,0.0,0.0,0.0,0.0,0.0,0.0,0.0,0.0,0.0,0.0,0.0,0.0,0.0,0.0,0.0,0.0,0.0,0.0,0.0,0.0,0.0,0.0,0.0,0.0
580,Rsph1,0.0,0.0,0.0,0.0,0.0,0.0,0.0,0.0,0.0,0.0,0.0,0.0,0.0,0.0,0.0,0.0,0.0,0.0,-4.619685145459417,0.0,0.0,-1478.5372494468384,-63.26383839895112,0.0
581,Pla2g2c,0.0,0.0,0.0,0.0,0.0,0.0,0.0,0.0,0.0,0.0,0.0,0.0,0.0,0.0,0.0,-3.32022732777455,0.0,0.0,-0.0002963737282104633,0.0,-3.2873293202129568,0.0,-7.810975484350289,0.0
582,Nlrp14,0.0,-59.53435942318973,0.0,0.0,0.0,0.0,4.191865023343586,0.0,0.0,-19.930564764246117,-29.393697123722163,-253.79224812874983,0.0,-79.67917365928422,0.0,-7.166066097221628,-2.605788478449794,-0.19174178289593774,2.666555554422425,0.0,11.642890254045772,-123.92518611398005,-8.63455776645292,-278.2032252015311
583,Gtsf1,0.0,0.0,0.0,0.0,0.0,0.0,-20.485787417229435,0.0,0.0,0.0,0.0,0.0,0.0,-320.31345794030443,0.0,-54.012718720916304,0.0,-456.1074650015401,-0.341130595680874,0.0,78.94996863945161,-1364.9398177648031,-271.37012843679923,-514.6463865239601
584,Smc1b,0.0,0.0,0.0,0.0,0.0,0.0,0.0,0.0,0.0,0.0,0.0,0.0,0.0,0.0,0.0,0.0,0.0,0.0,0.43734674378532507,0.0,0.0,0.0,-46.47602103124521,0.0
585,Tex19.2,0.0,0.0,0.0,0.0,0.0,0.0,0.0,0.0,0.0,0.0,0.0,0.0,0.0,-3.6227800675871524,0.0,0.0,0.0,0.0,0.0772559583675583,0.0,0.0,0.0,0.0,0.0
586,Fev,0.0,0.0,0.0,0.0,0.0,0.0,0.0,0.0,0.0,0.0,0.0,0.0,0.0,0.0,0.0,0.0,0.0,0.0,0.0,0.0,0.0,0.0,0.0,0.0
587,Pth2,0.0,0.0,0.0,-211.3025741715234,0.0,0.0,-20.439045172007095,0.0,0.0,41.706117486461224,54.3551549874015,0.5694026373945155,0.0,-195.39427307770325,0.0,108.26416634609811,0.0,-15.916747111928514,-0.0018941524552598796,-1.7142621619537093,-58.63955552226361,1177.3197242976842,5.191280877075381,-76.30909034276203
588,Tmco5,0.0,0.0,0.0,0.0,0.0,0.0,0.0,0.0,0.0,-208.25474613318215,0.0,0.0,0.0,0.0,0.0,0.0,0.0,0.0,-7.940476702424476,0.0,0.0,0.0,-111.96165606735568,0.0
589,Fam3b,0.0,0.0,0.0,0.0,0.0,0.0,0.0,0.0,0.0,-30.799546045655696,0.0,0.0,0.0,0.0,0.0,0.0,0.0,0.0,4.917823242621471,0.0,0.0,0.0,-17.247579917000767,0.0
590,Cxxc5,0.0,0.0,0.0,0.0,0.0,0.0,0.0,0.0,0.0,0.0,0.0,0.0,0.0,0.0,0.0,0.0,0.0,0.0,0.0,0.0,0.0,-8.650809946394467,0.0,0.0
591,Pxt1,0.0,0.0,0.0,0.0,0.0,0.0,-5.577105291260668,0.0,0.0,-49.41509954242529,0.0,0.0,0.0,0.0,0.0,0.0,0.0,0.0,0.33551101483532797,0.0,0.0,-31.208347797280638,-37.82169884291946,17.381946185720413
592,Wfdc3,0.0,0.0,0.0,0.0,0.0,0.0,0.0,0.0,0.0,0.0,0.0,0.0,0.0,-50.22172456806788,0.0,0.0,0.0,0.0,0.5484893611655652,0.0,0.0,0.0,0.0,0.0
593,1700001K19Rik,0.0,0.0,0.0,0.0,0.0,0.0,0.0,0.0,0.0,0.0,0.0,0.0,0.0,0.0,0.0,0.0,0.0,0.0,0.0,0.0,0.0,0.0,0.0,0.0
594,Spag4,0.0,0.0,0.0,0.0,0.0,0.0,0.0,0.0,0.0,0.0,0.0,0.0,0.0,0.0,0.0,0.0,0.0,0.0,0.0,0.0,0.0,0.0,-135.3514615191463,0.0
595,Kctd13,0.0,0.0,0.0,0.0,0.0,0.0,0.0,0.0,0.0,0.0,0.0,0.0,0.0,0.0,0.0,0.0,0.0,0.0,-0.397275752259184,0.0,0.0,-22.8260444849176,-12.31374504403427,0.0
596,Guca1a,0.0,0.0,0.0,0.0,0.0,0.0,0.0,0.0,0.0,0.0,0.0,0.0,0.0,0.0,0.0,0.0,0.0,0.0,0.0,0.0,0.0,0.0,0.0,0.0
597,Vav1,0.0,0.0,0.0,0.0,0.0,0.0,0.0,0.0,0.0,0.0,0.0,0.0,0.0,0.0,0.0,0.0,0.0,0.0,0.0,0.0,0.0,0.0,0.0,0.0
598,Atoh8,0.0,0.0,0.0,0.0,0.0,0.0,0.0,0.0,0.0,0.0,0.0,0.0,0.0,0.0,0.0,0.0,0.0,0.0,-0.543561512811118,0.0,0.0,0.0,0.0,0.0
599,Gsc2,0.0,0.0,0.0,0.0,0.0,0.0,0.0,0.0,0.0,0.0,0.0,0.0,0.0,0.0,0.0,0.0,0.0,0.0,-0.0623997198717613,0.0,0.0,0.0,0.0,0.0
600,Ppp2r2b,0.0,0.0,0.0,0.0,0.0,0.0,0.0,0.0,0.0,-17.58427811809174,0.0,0.0,0.0,0.0,0.0,0.0,0.0,0.0,0.0,0.0,0.0,0.0,-7.613763804428846,0.0
601,Erf,0.0,0.0,0.0,0.0,0.0,0.0,0.0,0.0,0.0,0.0,0.0,0.0,0.0,0.0,0.0,0.0,0.0,0.0,0.0,0.0,0.0,0.0,0.0,0.0
602,4930444P10Rik,0.0,0.0,0.0,0.0,0.0,0.0,0.0,0.0,0.0,0.0,0.0,0.0,0.0,0.0,0.0,0.0,0.0,0.0,0.0,0.0,0.0,0.0,0.0,0.0
603,Fam227a,0.0,0.0,0.0,0.0,0.0,0.0,0.0,0.0,0.0,-2.9734267485411885,0.0,0.0,0.0,0.0,0.0,0.0,0.0,0.0,0.03942021044104974,0.0,0.0,0.0,-16.472181380340373,0.0
604,Kcnj9,0.0,0.0,0.0,0.0,0.0,0.0,0.0,0.0,0.0,-10.441080681211927,0.0,0.0,0.0,0.0,0.0,0.0,0.0,0.0,-0.08832993287019136,0.0,0.0,-0.7534217094573958,-18.1500717185648,0.0
605,Chd5,0.0,0.0,0.0,0.0,0.0,0.0,-1.8963841252200568,0.0,0.0,1.4975755900356422,0.0,0.0,0.0,-12.83772115538134,-8.055743964162442,-0.3262749237145155,-4.149953137040107,-24.181319192472657,0.094639312092419,0.0,0.0,-172.76522030983946,-7.329213669852039,-42.25785925197639
606,Scrt1,0.0,0.0,0.0,0.0,0.0,0.0,0.0,0.0,0.0,-7.688795723892875,0.0,0.0,0.0,0.0,0.0,0.0,0.0,0.0,0.0,0.0,0.0,-3.22423550135774,1.0959190659553786,0.0
607,Lrrc26,0.0,0.0,0.0,0.0,0.0,0.0,0.0,0.0,0.0,0.0,0.0,0.0,0.0,0.0,0.0,0.0,0.0,0.0,-0.36989912930912267,0.0,0.0,146.89959279962167,-7.7788639515489795,0.0
608,Atp8b3,0.0,-53.82144064237542,0.0,-60.72574212951025,-97.03454709450283,0.0,-7.093426606218158,0.0,0.0,-3.858131238743412,-4.587461750492853,-178.214769299956,0.0,-198.32558038053486,-16.50289356609343,-67.69237284319725,-7.333316639521957,-50.02048326594959,2.8644479036686668,-17.7608163691007,-10.967240640791394,-216.85984740262109,-38.835549674266055,-80.80166311526159
609,Dscam,0.0,0.0,0.0,0.0,0.0,0.0,0.0,0.0,0.0,0.0,0.0,0.0,0.0,0.0,0.0,0.0,0.0,0.0,0.0,0.0,0.0,0.0,0.0,0.0
610,Lrrc69,0.0,0.0,0.0,0.0,0.0,0.0,0.0,0.0,0.0,-54.1866359914525,0.0,0.0,0.0,0.0,0.0,0.0,0.0,0.0,0.0,0.0,0.0,-58.924161659863465,-42.9559332249024,0.0
611,Adam5,0.0,0.0,0.0,0.0,0.0,0.0,0.0,0.0,0.0,0.0,0.0,0.0,0.0,0.0,0.0,0.0,0.0,0.0,-0.02766612985543957,0.0,0.0,0.0,0.0,0.0
612,Gabbr2,0.0,0.0,0.0,0.0,0.0,0.0,0.0,0.0,0.0,0.0,0.0,0.0,0.0,0.0,0.0,0.0,0.0,0.0,0.0,0.0,0.0,0.0,0.0,0.0
613,Fam71e1,0.0,-372.1709392217579,0.0,-91.57001164560091,0.0,0.0,-25.17314180932567,0.0,0.0,-32.49761948821092,0.0,-214.5490781341647,0.0,-501.52437731257993,0.0,-63.83186479310479,-22.75102376743639,0.0,0.15622906951533008,-21.99113934402478,-38.49818123436477,-47.127984500541764,-373.43462360441447,-227.91039696684604
614,Rimbp3,0.0,0.0,0.0,0.0,0.0,0.0,1.3461692706064112,0.0,0.0,0.0,0.0,0.0,0.0,0.0,0.0,0.0,0.0,0.0,0.027046549234372337,0.0,0.0,-92.08617922082267,0.0,0.0
615,Acsbg2,0.0,0.0,0.0,0.0,0.0,0.0,0.0,0.0,0.0,0.0,0.0,0.0,0.0,0.0,0.0,0.0,0.0,0.0,0.0,0.0,0.0,0.0,-10.822236478367527,0.0
616,Lhb,0.0,0.0,0.0,0.0,0.0,0.0,0.0,0.0,0.0,0.0,0.0,0.0,0.0,0.0,0.0,0.0,0.0,0.0,-0.08801156255309053,0.0,0.0,0.0,0.0,0.0
617,Itgad,0.0,0.0,0.0,0.0,0.0,0.0,0.0,0.0,0.0,0.0,0.0,0.0,0.0,0.0,0.0,0.0,0.0,0.0,0.0,0.0,0.0,0.0,0.0,-72.08465143137057
618,Tex22,0.0,0.0,0.0,0.0,0.0,0.0,0.0,0.0,0.0,-118.75705761019357,0.0,0.0,0.0,0.0,0.0,-454.3218562384394,0.0,0.0,-2.056685683084017,0.0,0.0,-553.4918501024245,-81.39181164210349,0.0
619,Defb19,0.0,0.0,0.0,0.0,0.0,0.0,0.0,0.0,0.0,0.0,0.0,0.0,0.0,0.0,0.0,0.0,0.0,0.0,0.0,0.0,0.0,-322.4095410877002,0.0,0.0
620,Pfn4,0.0,0.0,0.0,0.0,0.0,0.0,0.0,0.0,0.0,-47.85258903815434,0.0,0.0,0.0,0.0,0.0,0.0,0.0,0.0,0.09694068597487193,0.0,0.0,0.0,-36.79879877607135,0.0
621,H2-DMb1,0.0,0.0,0.0,0.0,0.0,0.0,0.0,0.0,0.0,0.0,0.0,0.0,0.0,0.0,0.0,0.0,0.0,0.0,0.0,0.0,0.0,0.0,0.0,0.0
622,Ovol1,0.0,0.0,0.0,0.0,0.0,0.0,0.0,0.0,0.0,0.0,0.0,0.0,0.0,0.0,0.0,0.0,0.0,0.0,0.040763692507593284,0.0,0.0,-157.8813087467676,0.0,0.0
